-- phpMyAdmin SQL Dump
-- version 5.2.0
-- https://www.phpmyadmin.net/
--
-- Máy chủ: 127.0.0.1
-- Thời gian đã tạo: Th9 15, 2023 lúc 09:46 AM
-- Phiên bản máy phục vụ: 10.4.27-MariaDB
-- Phiên bản PHP: 8.1.12

SET SQL_MODE = "NO_AUTO_VALUE_ON_ZERO";
START TRANSACTION;
SET time_zone = "+00:00";


/*!40101 SET @OLD_CHARACTER_SET_CLIENT=@@CHARACTER_SET_CLIENT */;
/*!40101 SET @OLD_CHARACTER_SET_RESULTS=@@CHARACTER_SET_RESULTS */;
/*!40101 SET @OLD_COLLATION_CONNECTION=@@COLLATION_CONNECTION */;
/*!40101 SET NAMES utf8mb4 */;

--
-- Cơ sở dữ liệu: `eshop`
--

-- --------------------------------------------------------

--
-- Cấu trúc bảng cho bảng `address`
--

CREATE TABLE `address` (
  `id` bigint(20) NOT NULL,
  `city` varchar(255) DEFAULT NULL,
  `country` varchar(255) DEFAULT NULL,
  `street_address` varchar(255) DEFAULT NULL,
  `zip_code` varchar(255) DEFAULT NULL
) ENGINE=MyISAM DEFAULT CHARSET=latin1 COLLATE=latin1_swedish_ci;

--
-- Đang đổ dữ liệu cho bảng `address`
--

INSERT INTO `address` (`id`, `city`, `country`, `street_address`, `zip_code`) VALUES
(1, 'asd', 'asd', 'asd', '123'),
(2, '43as2', 'asd', 'as', '344'),
(3, 'teste', 'Testest', 'testreet 123', '1555'),
(4, 'Ha Noi', 'Vietnam', 'nam dinh', 'acd'),
(5, 'Ha Noi', 'Vietnam', 'nam dinh', 'acd'),
(6, 'Ha Noi', 'Vietnam', 'nam dinh', 'acd'),
(7, 'Ha Noi', 'Vietnam', 'nam dinh', 'acd'),
(8, 'Ha Noi', 'Vietnam', 'nam dinh', 'acd'),
(9, 'Ha Noi', 'Vietnam', 'nam dinh', 'acd'),
(10, 'Ha Noi', 'Vietnam', 'nam dinh', 'acd'),
(11, 'Ha Noi', 'Vietnam', 'nam dinh', 'acd'),
(12, 'Ha Noi', 'Vietnam', 'nam dinh', 'acd'),
(13, 'Ha Noi', 'Vietnam', 'nam dinh', 'acd'),
(14, 'Ha Noi', 'Vietnam', 'nam dinh', 'acd'),
(15, 'Ha Noi', 'Vietnam', 'nam dinh', 'acd'),
(16, 'Ha Noi', 'Vietnam', 'nam dinh', 'acd'),
(17, 'Ha Noi', 'Vietnam', 'nam dinh', 'acd'),
(18, 'Ha Noi', 'Vietnam', 'nam dinh', 'acd'),
(19, 'Ha Noi', 'Vietnam', 'nam dinh', 'acd'),
(20, 'Ha Noi', 'Vietnam', 'nam dinh', 'acd'),
(21, 'Ha Noi', 'Vietnam', 'nam dinh', 'acd'),
(22, 'Ha Noi', 'Vietnam', 'nam dinh', 'acd'),
(23, 'Ha Noi', 'Vietnam', 'nam dinh', 'acd'),
(24, 'Ha Noi', 'Vietnam', 'nam dinh', 'acd'),
(25, 'Ha Noi', 'Vietnam', 'nam dinh', 'acd'),
(26, 'Ha Noi', 'Vietnam', 'nam dinh', 'acd'),
(27, 'Ha Noi', 'Vietnam', 'nam dinh', 'acd'),
(28, 'Ha Noi', 'Vietnam', 'nam dinh', 'acd'),
(29, 'Ha Noi', 'Vietnam', 'nam dinh', 'acd'),
(30, 'Ha Noi', 'Vietnam', 'nam dinh', 'acd'),
(31, 'Ha Noi', 'Vietnam', 'nam dinh', 'acd'),
(32, 'Ha Noi', 'Vietnam', 'nam dinh', 'acd'),
(33, 'Ha Noi', 'Vietnam', 'nam dinh', 'acd'),
(34, 'Ha Noi', 'Vietnam', 'nam dinh', 'acd'),
(35, 'Ha Noi', 'Vietnam', 'nam dinh', 'acd'),
(36, 'Ha Noi', 'Vietnam', 'nam dinh', 'acd'),
(37, 'Ha Noi', 'Vietnam', 'nam dinh', 'acd'),
(38, 'Ha Noi', 'Vietnam', 'nam dinh', 'acd'),
(39, 'Ha Noi', 'Vietnam', 'nam dinh', 'acd'),
(40, 'Ha Noi', 'Vietnam', 'nam dinh', 'acd'),
(41, 'Ha Noi', 'Vietnam', 'nam dinh', 'acd'),
(42, 'Ha Noi', 'Vietnam', 'nam dinh', 'acd'),
(43, 'Ha Noi', 'Vietnam', 'nam dinh', 'acd'),
(44, 'Ha Noi', 'Vietnam', 'nam dinh', 'acd'),
(45, 'Ha Noi', 'Vietnam', 'nam dinh', 'acd'),
(46, 'Ha Noi', 'Vietnam', 'nam dinh', 'acd'),
(47, 'Ha Noi', 'Vietnam', 'nam dinh', 'acd'),
(48, 'Ha Noi', 'Vietnam', 'nam dinh', 'acd'),
(49, 'Ha Noi', 'Vietnam', 'nam dinh', 'acd'),
(50, 'Ha Noi', 'Vietnam', 'nam dinh', 'acd'),
(51, 'Ha Noi', 'Vietnam', 'nam dinh', 'acd'),
(52, 'Ha Noi', 'Vietnam', 'nam dinh', 'acd'),
(53, 'Ha Noi', 'Vietnam', 'nam dinh', 'acd'),
(54, 'Ha Noi', 'Vietnam', 'nam dinh', 'acd'),
(55, 'Ha Noi', 'Vietnam', 'nam dinh', 'acd'),
(56, 'Ha Noi', 'Vietnam', 'nam dinh', 'acd'),
(57, 'Ha Noi', 'Vietnam', 'nam dinh', 'acd'),
(58, 'Ha Noi', 'Vietnam', 'nam dinh', 'acd'),
(59, 'Ha Noi', 'Vietnam', 'nam dinh', 'acd'),
(60, 'Ha Noi', 'Vietnam', 'nam dinh', 'acd'),
(61, 'Ha Noi', 'Vietnam', 'nam dinh', 'acd'),
(62, 'Ha Noi', 'Vietnam', 'nam dinh', 'acd'),
(63, 'Ha Noi', 'Vietnam', 'nam dinh', 'acd'),
(64, 'Ha Noi', 'Vietnam', 'nam dinh', 'acd'),
(65, 'Ha Noi', 'Vietnam', 'nam dinh', 'acd'),
(66, 'Ha Noi', 'Vietnam', 'nam dinh', 'acd'),
(67, 'Ha Noi', 'Vietnam', 'nam dinh', 'acd'),
(68, 'Ha Noi', 'Vietnam', 'nam dinh', 'acd'),
(69, 'Ha Noi', 'Vietnam', 'nam dinh', 'acd'),
(70, 'Ha Noi', 'Vietnam', 'nam dinh', 'acd'),
(71, 'Ha Noi', 'Vietnam', 'nam dinh', 'acd'),
(72, 'Ha Noi', 'Vietnam', 'nam dinh', 'acd'),
(73, 'Ha Noi', 'Vietnam', 'nam dinh', 'acd'),
(74, 'Ha Noi', 'Vietnam', 'nam dinh', 'acd'),
(75, 'Ha Noi', 'Vietnam', 'nam dinh', 'acd'),
(76, 'Ha Noi', 'Vietnam', 'nam dinh', 'acd'),
(77, 'Ha Noi', 'Vietnam', 'nam dinh', 'acd'),
(78, 'Ha Noi', 'Vietnam', 'nam dinh', 'acd'),
(79, 'Ha Noi', 'Vietnam', 'nam dinh', 'acd'),
(80, 'Ha Noi', 'Vietnam', 'nam dinh', 'acd'),
(81, 'Ha Noi', 'Vietnam', 'nam dinh', 'acd'),
(82, 'Ha Noi', 'Vietnam', 'nam dinh', 'acd'),
(83, 'Ha Noi', 'Vietnam', 'nam dinh', 'acd'),
(84, 'Ha Noi', 'Vietnam', 'nam dinh', 'acd'),
(85, 'Ha Noi', 'Vietnam', 'nam dinh', 'acd'),
(86, 'Ha Noi', 'Vietnam', 'nam dinh', 'acd'),
(87, 'Ha Noi', 'Vietnam', 'nam dinh', 'acd'),
(88, 'Ha Noi', 'Vietnam', 'nam dinh', 'acd'),
(89, 'Ha Noi', 'Vietnam', 'nam dinh', 'acd'),
(90, 'Ha Noi', 'Vietnam', 'nam dinh', 'acd'),
(91, 'Ha Noi', 'Vietnam', 'nam dinh', 'acd'),
(92, 'Ha Noi', 'Vietnam', 'nam dinh', 'acd'),
(93, 'Ha Noi', 'Vietnam', 'nam dinh', 'acd'),
(94, 'Ha Noi', 'Vietnam', 'nam dinh', 'acd'),
(95, 'Ha Noi', 'Vietnam', 'nam dinh', 'acd'),
(96, 'Ha Noi', 'Vietnam', 'nam dinh', 'acd'),
(97, 'Ha Noi', 'Vietnam', 'nam dinh', 'acd'),
(98, 'Ha Noi', 'Vietnam', 'nam dinh', 'acd'),
(99, 'Ha Noi', 'Vietnam', 'nam dinh', 'acd'),
(100, 'Ha Noi', 'Vietnam', 'nam dinh', 'acd'),
(101, 'Ha Noi', 'Vietnam', 'nam dinh', 'acd');

-- --------------------------------------------------------

--
-- Cấu trúc bảng cho bảng `article`
--

CREATE TABLE `article` (
  `id` bigint(20) NOT NULL,
  `picture` varchar(255) DEFAULT NULL,
  `price` double NOT NULL,
  `stock` int(11) NOT NULL,
  `title` varchar(255) DEFAULT NULL,
  `image_name` varchar(255) DEFAULT NULL
) ENGINE=MyISAM DEFAULT CHARSET=latin1 COLLATE=latin1_swedish_ci;

--
-- Đang đổ dữ liệu cho bảng `article`
--

INSERT INTO `article` (`id`, `picture`, `price`, `stock`, `title`, `image_name`) VALUES
(1, '742972-MLA43035041077_082020.jpg', 7159, 3, 'Zapatilla John Foos Classic 182 Blancas', NULL),
(2, '718219-MLA43035097311_082020.jpg', 6789, 35, 'Zapatilla John Foos  Classic 182', NULL),
(3, '848997-MLA31694442689_082019.jpg', 2999, 23, 'Zapatillas Mujer Popys 780', NULL),
(4, '653444-MLA42128763080_062020.jpg', 7459, 9, 'Zapatilla John Foos 176 Meet New Black', NULL),
(5, '726902-MLA47291256267_082021.jpg', 4299, 5, 'Zapatilla Popy´s 510 Mujer Moda', NULL),
(6, '959316-MLA41770379669_052020.jpg', 3599, 32, 'Zapatilla Popys Mujer Art. 770', NULL),
(7, '950413-MLA31968594351_082019.jpg', 1999, 27, 'Zapatilla Popys Dama', NULL),
(8, '620528-MLA46145447132_052021.jpg', 4699, 25, 'Zapatilla Wake Hombre Outdoors 201', NULL),
(9, '635745-MLA47381397438_092021.jpg', 9999, 30, 'Zapatilla adidas Galaxy 5 Fy6743 Mujer', NULL),
(10, '903381-MLA46012047575_052021.jpg', 3199, 36, 'Remeras Spt Pack X 3 F4300pack', NULL),
(11, '957353-MLA48451499380_122021.jpg', 1249, 18, 'Ojota Hombre Negro 120', NULL),
(12, '865461-MLA48484825257_122021.jpg', 6099, 16, 'Zapatilla Topper Ultralight Ii Negro 52510', NULL),
(13, '617376-MLA32628961806_102019.jpg', 1799, 22, 'Sandalia Nazarena Dama', NULL),
(14, '830351-MLA41153802876_032020.jpg', 6099, 47, 'Zapatilla Topper Ultralight Kids 25918', NULL),
(15, '851912-MLA40720622587_022020.jpg', 6299, 22, 'Botin Topper Stingray Mach 1 Fg', NULL),
(16, '766524-MLA44170766898_112020.jpg', 8499, 17, 'Zapatilla adidas Bravada Fw6671', NULL),
(17, '677341-MLA45796531190_052021.jpg', 8199, 13, 'Zapatilla Topper Fast 29810', NULL),
(18, '727324-MLA47004534885_082021.jpg', 7990, 20, 'Zapatilla Fila Classic Court Mujer F02l004162', NULL),
(19, '808169-MLA45796634986_052021.jpg', 7099, 38, 'Zapatilla Topper Boro Ii 27121', NULL),
(20, '921162-MLA44507073916_012021.jpg', 999, 20, 'Zueco Atk Comics Art. Hulk', NULL),
(21, '960607-MLA44514679980_012021.jpg', 7199, 27, 'Zapatilla Topper Point Iv Art. 55810', NULL),
(22, '949524-MLA48415749673_122021.jpg', 11449, 25, 'Zapatilla New Balance Ml574ee2', NULL),
(23, '956090-MLA48451479953_122021.jpg', 3079, 24, 'Ojota Cartago Maiorca Hombre 6162324655', NULL),
(24, '776236-MLA31589885786_072019.jpg', 8899, 9, 'Zapatilla Topper X Forcer', NULL),
(25, '987272-MLA48451479950_122021.jpg', 1649, 27, 'Chinela Playera Uva 2004', NULL),
(26, '799224-MLA46596973767_072021.jpg', 2999, 36, 'Botineta Titanitos Niña Megan_1 Moda', NULL),
(27, '748020-MLA46346414243_062021.jpg', 2999, 34, 'Botineta Lc Mujer Moda 2131', NULL),
(28, '991623-MLA47747639083_102021.jpg', 3199, 18, 'Sandalia Nazarena 287s Mujer Negro', NULL),
(29, '839916-MLA31116817035_062019.jpg', 5099, 25, 'Zueco Crocs Crocband Niños', NULL),
(30, '753671-MLA40821489444_022020.jpg', 4490, 48, 'Zapatilla Fila F-lugano 6.0 Baby', NULL),
(31, '745255-MLA44228560256_122020.jpg.jpg', 2499, 22, 'Sandalia Siris Mujer Art. 1011', NULL),
(32, '822096-MLA45796715759_052021.jpg.jpg', 9099, 47, 'Zapatilla Topper Gondor Ii 27132', NULL),
(33, '940388-MLA46522938057_062021.jpg.jpg', 6799, 15, 'Zapatilla Topper Jiro 25296 Hombre', NULL),
(34, '681893-MLA47262529276_082021.jpg', 8799, 29, 'Zapatilla Puma Carina Vivid Niño 374696-01', NULL),
(35, '829123-MLA47004510929_082021.jpg', 13999, 41, 'Zapatilla Puma Borussia C Tt Adp 104656-01', NULL),
(36, '607075-MLA46522936008_062021.jpg', 7399, 8, 'Zapatilla Anca Mujer Moda Sashi', NULL),
(37, '693898-MLA47747636962_102021.jpg', 8790, 31, 'Zapatilla Fila Styling Mujer F02st004010156', NULL),
(38, '761531-MLA48415415647_122021.jpg', 4580, 35, 'Zapatilla Footy Peppa Pig Niño', NULL),
(39, '682044-MLA47081728825_082021.jpg', 6699, 22, 'Zapatilla Joma 357 Hombre J10020019701', NULL),
(40, '889748-MLA46968729286_082021.jpg', 7599, 28, 'Patines Regulables  Niños', NULL),
(41, '862915-MLA31629057128_072019.jpg', 1929, 7, 'Botita Heyday Nino', NULL),
(42, '994302-MLA47411235461_092021.jpg', 5799, 9, 'Zapatilla Topper Capitan Tt Velcro 59091 Bebe', NULL),
(43, '726385-MLA46196196535_052021.jpg', 7799, 19, 'Zapatilla Topper Mamba Full Mujer Moda Urbano 25701', NULL),
(44, '894682-MLA47381347088_092021.jpg', 7799, 21, 'Zapatilla Topper Mamba 25703', NULL),
(45, '751527-MLA48451531520_122021.jpg', 1799, 21, 'Chinela Hombre 111', NULL),
(46, '706913-MLA48451531591_122021.jpg', 1979, 21, 'Zapatilla Rave Niño Nude', NULL),
(47, '738527-MLA32628960601_102019.jpg', 1299, 38, 'Botinero Topper  Team Pro Topper', NULL),
(48, '976303-MLA45796554245_052021.jpg', 4899, 17, 'Zapatilla Topper Bb X Forcer Velcro 21637', NULL),
(49, '611175-MLA31019923868_062019.jpg', 7099, 30, 'Zapatilla Topper Tie Break Iii Off Court Negro', NULL),
(50, '914572-MLA40542434669_012020.jpg', 2899, 41, 'Botineta Kk Dama Utah 71160200', NULL),
(51, '719788-MLA44514679986_012021.jpg', 7099, 26, 'Zapatilla  Topper Boris  Art. 25678', NULL),
(52, '991034-MLA47735355876_102021.jpg', 11999, 25, 'Zapatilla Reebok Royal Glide Dv5412 Hombre', NULL),
(53, '624472-MLA44941159780_022021.jpg', 3999, 48, 'Zueco Siris Mujer Art. 789', NULL),
(54, '644752-MLA44998811452_022021.jpg', 3999, 26, 'Zapatilla Amass Hombre Art. Ur-30c', NULL),
(55, '678203-MLA46968827173_082021.jpg', 5599, 49, 'Zapatilla Kappa Jump Mujer K137184gw', NULL),
(56, '860132-MLA46883021547_072021.jpg', 10999, 36, 'Zapatilla adidas Runfalcon 2.0 Mujer Fy9624', NULL),
(57, '622514-MLA46510363209_062021.jpg', 7099, 13, 'Zapatilla Topper Nova Low Hombre 89613', NULL),
(58, '758549-MLA48497580365_122021.jpg', 4499, 23, 'Zapatilla Ls Dama Asia Negro Aimara', NULL),
(59, '812808-MLA47262522521_082021.jpg', 16699, 23, 'Zapatilla Salomon Alphacross Blast Mujer 411038', NULL),
(60, '851534-MLA47291556571_082021.jpg', 2199, 49, 'Sandalia Nazarena 422 Mujer', NULL),
(61, '871553-MLA48329398339_112021.jpg', 5999, 25, 'Pancha Topper Duncan Ripstop Unisex Urbano Beige', NULL),
(62, '605787-MLA47411237342_092021.jpg', 8079, 9, 'Zapatilla Sergio Tacchinni 100-268 Hombre', NULL),
(63, '785072-MLA48484974237_122021.jpg', 3999, 9, 'Zueco Crocs Classic Rosa 10001-6gd', NULL),
(64, '717474-MLA41832308350_052020.jpg', 2999, 14, 'Botineta Lc Dama 605', NULL),
(65, '963721-MLA40733233443_022020.jpg', 8579, 32, 'Zapatilla John Foos Amazonia Black', NULL),
(66, '986121-MLA43144816922_082020.jpg', 8899, 30, 'Zapatilla Topper X Forcer Negra', NULL),
(67, '662050-MLA46857838612_072021.jpg', 5179, 43, 'Zapatilla Footy Nena  Hl406', NULL),
(68, '741864-MLA47081730747_082021.jpg', 3999, 23, 'Zapatilla Joma Comodity Mujer J10020011716', NULL),
(69, '632761-MLA43694002717_102020.jpg', 8249, 13, 'Zapatilla New Balance Wl420fsc', NULL),
(70, '991578-MLA44941173132_022021.jpg', 999, 29, 'Zueco Nazarena Dama Art. 060', NULL),
(71, '958800-MLA44940826463_022021.jpg', 4749, 26, 'Zapato Nautico Colegial Cuero', NULL),
(72, '772809-MLA41154347148_032020.jpg', 7599, 44, 'Zapatilla Topper Capitan Tt 24357', NULL),
(73, '944973-MLA48451481173_122021.jpg', 4929, 21, 'Zapatilla Jaguar Hombre 9039', NULL),
(74, '746376-MLA46857842068_072021.jpg', 5179, 25, 'Zapatilla Footy Nena Hl405', NULL),
(75, '802092-MLA41832308234_052020.jpg', 2799, 46, 'Botineta Citadina Dama Chavo Mara', NULL),
(76, '648801-MLA48329757923_112021.jpg', 2199, 27, 'Zueco Nazarena Mujer', NULL),
(77, '754795-MLA46968769476_082021.jpg', 8790, 6, 'Zapatilla Fila Trend 2.0 Hombre F01st0040231422', NULL),
(78, '827963-MLA44514679923_012021.jpg', 7099, 19, 'Zapatilla Topper Nova Low Art. 83301', NULL),
(79, '639895-MLA48451531725_122021.jpg', 3079, 34, 'Ojota Cartago Maiorca Hombre 6162321020', NULL),
(80, '814623-MLA47090927322_082021.jpg', 6490, 38, 'Zapatilla Fila Sparky Mujer Outdoors', NULL),
(81, '725091-MLA48415608480_122021.jpg', 7499, 15, 'Zapatilla Topper Bulder Hombre 26364', NULL),
(82, '706830-MLA46753727880_072021.jpg', 4199, 12, 'Botineta Citadina  Geraldina Mujer', NULL),
(83, '677639-MLA42352765387_062020.jpg', 7399, 20, 'Zapatilla Topper Gondor Ii Kids 57551', NULL),
(84, '747732-MLA47747639145_102021.jpg', 4499, 30, 'Ojota Havaianas Urban Way  4146081 Hombre', NULL),
(85, '963887-MLA43656656418_102020.jpg', 1299, 22, 'Pantufla Solanas Mujer 28', NULL),
(86, '717841-MLA48097810914_112021.jpg', 3299, 19, 'Ojota Cartago Egeu Hombre', NULL),
(87, '620902-MLA32394795127_102019.jpg', 2789, 33, 'Zapatilla Rave Hombre', NULL),
(88, '999015-MLA40228850251_122019.jpg', 4999, 39, 'Zapatilla Nova Low Kids', NULL),
(89, '610090-MLA46386741852_062021.jpg', 10999, 20, 'Zapatilla adidas Lite Racer 2.0 Mujer Fz0381', NULL),
(90, '862111-MLA46346416388_062021.jpg', 5799, 45, 'Botineta Anca Mujer Moda Salem', NULL),
(91, '605579-MLA44941143372_022021.jpg', 2999, 17, 'Zapatilla Savage Dama Nk-1', NULL),
(92, '849658-MLA42352767019_062020.jpg', 1999, 16, 'Botita Marsanto Hombre Sholto 40', NULL),
(93, '800724-MLA31063465478_062019.jpg', 4899, 27, 'Zapatilla Topper Bb X Forcer Velcro', NULL),
(94, '820598-MLA31596491140_072019.jpg', 3999, 12, 'Zapatilla Fila F-slantsummer Niños Gris X115', NULL),
(95, '835102-MLA41153700608_032020.jpg', 13999, 32, 'Botin Puma Borussia C Fg Adp 104657', NULL),
(96, '689656-MLA44802742001_022021.jpg', 3299, 29, 'Zapatilla Topper Lupe Kids  Art. 24346', NULL),
(97, '607442-MLA48465975471_122021.jpg', 7919, 15, 'Bota John Foos Flashback Burned Negro 1641984', NULL),
(98, '983331-MLA46968768799_082021.jpg', 7099, 14, 'Zptlla Topper Strongpace Unisex 27279', NULL),
(99, '907442-MLA40654017875_022020.jpg', 5799, 40, 'Zapatilla Topper Tie Break Ii Kids Blanca', NULL),
(100, '967824-MLA47262528395_082021.jpg', 5999, 19, 'Zapatilla Topper Styngray Mach 3 Indoor Hombre', NULL),
(101, '932214-MLA40916860738_022020.jpg', 9399, 50, 'Zapatilla Puma Flyer Runner Adp 192740-07', NULL),
(102, '742115-MLA32241109551_092019.jpg', 9299, 9, 'Zapatilla New Balance Wl574esw', NULL),
(103, '771640-MLA42560189575_072020.jpg', 9099, 7, 'Zapatilla Topper Gondor Ii 51461', NULL),
(104, '668160-MLA48415312086_122021.jpg', 5290, 18, 'Chinela  Fila Drifter Basic Mujer', NULL),
(105, '991945-MLA46968768479_082021.jpg', 7099, 34, 'Zapatilla Topper Strongpace Plus Mujer 27285', NULL),
(106, '941709-MLA46597125585_072021.jpg', 3799, 36, 'Botineta Savage Ms-21 Mujer Moda', NULL),
(107, '718210-MLA48741593193_012022.jpg', 7990, 45, 'Zapatilla Fila Revelation Mujer Running Blanco', NULL),
(108, '909756-MLA48415673386_122021.jpg', 9399, 7, 'Zapatilla Puma Flyer Runner Adp 192740-02', NULL),
(109, '603457-MLA41154344900_032020.jpg', 6099, 46, 'Zapatilla Topper Capitan Tt Kids 25456', NULL),
(110, '871168-MLA46597130318_072021.jpg', 3399, 45, 'Zapatilla Savage Nube5 Mujer Moda', NULL),
(111, '970543-MLA45564292549_042021.jpg', 4049, 28, 'Zapatilla Topper Ambar Kids', NULL),
(112, '669751-MLA48097812332_112021.jpg', 10999, 27, 'Zapatilla adidas Runfalcon 2.0 Mujer', NULL),
(113, '673522-MLA43694002641_102020.jpg', 3199, 35, 'Zapatilla Savage Mujer Ts-42', NULL),
(114, '643018-MLA46968827455_082021.jpg', 11999, 37, 'Zapatilla Puma Electron Hombre 384277-03', NULL),
(115, '785074-MLA46522739973_062021.jpg', 9399, 50, 'Zapatilla Puma Flyer Runner Adp 192740-01', NULL),
(116, '675398-MLA31115110106_062019.jpg', 7099, 50, 'Zapatilla Topper Tie Break Iii Off Court Blanca', NULL),
(117, '979904-MLA48329402164_112021.jpg', 9999, 46, 'Zapatilla adidas Galaxy 5 Mujer Running Negro', NULL),
(118, '715881-MLA48415673295_122021.jpg', 9699, 44, 'Zapatilla Puma Accent Hombre', NULL),
(119, '764298-MLA46857752346_072021.jpg', 9999, 26, 'Botin adidas Predator Freak .4 Fg Fw7536 Niño', NULL),
(120, '616301-MLA46968827218_082021.jpg', 9999, 21, 'Zapatilla Puma Comet Adp Hombre 195648-02', NULL),
(121, '838052-MLA46522808934_062021.jpg', 9490, 11, 'Zapatilla Fila Recovery Mujer 51j728x4403', NULL),
(122, '733097-MLA47735353465_102021.jpg', 11999, 48, 'Zapatilla adidas Duramo Sl Gv7124 Hombre', NULL),
(123, '864619-MLA46725072820_072021.jpg', 9999, 25, 'Zapatilla Puma Comet Beta 195648-01', NULL),
(124, '724883-MLA47262522840_082021.jpg', 7599, 8, 'Zapatilla New Balance W413rp1 Mujer', NULL),
(125, '865948-MLA46857843152_072021.jpg', 1999, 14, 'Zapatilla Savage Lr 31 Mujer Moda', NULL),
(126, '714109-MLA31648712240_082019.jpg', 13999, 7, 'Botin Puma Borussia C Fg Adp 104657-01', NULL),
(127, '671587-MLA46522935276_062021.jpg', 7999, 32, 'Zapatilla Topper Dottir Hombre 26316', NULL),
(128, '738487-MLA41154347197_032020.jpg', 7599, 49, 'Zapatilla Topper Capitan Tt 24356', NULL),
(129, '697684-MLA47081726161_082021.jpg', 7699, 10, 'Zapatilla Puma Comet 2  195646-04 Niño', NULL),
(130, '984661-MLA45755946757_042021.jpg', 3299, 24, 'Zapatilla Savage Mujer Bur-600', NULL),
(131, '744551-MLA41177766987_032020.jpg', 6099, 17, 'Zapatilla Topper Capitan Tt Kids 25455', NULL),
(132, '660780-MLA48465932689_122021.jpg', 10899, 49, 'Zapatilla Puma Rose Plus Adp Negro', NULL),
(133, '902835-MLA46882974096_072021.jpg', 4900, 20, 'Zapatilla Footy Nena Wow442', NULL),
(134, '875754-MLA41666532123_052020.jpg', 4699, 48, 'Zapatilla Topper Profesional Insignia 88028', NULL),
(135, '802805-MLA31596474775_072019.jpg', 1729, 20, 'Zapatilla Rave Niño Azul 75', NULL),
(136, '606939-MLA47004513410_082021.jpg', 7590, 50, 'Zapatilla Fila F-discovery Hombre 11j694x943', NULL),
(137, '637159-MLA31834365065_082019.jpg', 1999, 33, 'Zapatillas Mujer Savage  Fs50', NULL),
(138, '708293-MLA46510415756_062021.jpg', 6799, 34, 'Zapatilla Topper Jiro Hombre Lona 25291', NULL),
(139, '876570-MLA46553587250_062021.jpg', 9999, 32, 'Zapatilla adidas Court Bold Mujer Moda Fy9992', NULL),
(140, '929411-MLA46725073253_072021.jpg', 3699, 34, 'Mochila Puma Phase Backpack', NULL),
(141, '977390-MLA44228559462_122020.jpg', 1799, 10, 'Sandalia Isabella Nena Art. 5142_2', NULL),
(142, '992572-MLA31078823932_062019.jpg', 5799, 15, 'Zapatilla Topper Tie Break Ii Kids', NULL),
(143, '689854-MLA47747485865_102021.jpg', 9999, 25, 'Zapatilla Puma Comet 2 Alt Beta Hombre 195648-06', NULL),
(144, '682960-MLA47411233855_092021.jpg', 10899, 38, 'Zapatilla Puma Ferrari R-cat 306950-01 Hombre', NULL),
(145, '882612-MLA41770379352_052020.jpg', 2429, 43, 'Zapatilla Rave Dama Plataforma 2000', NULL),
(146, '784195-MLA40425689320_012020.jpg', 2499, 46, 'Zapato Mujer Savage Art Mia95', NULL),
(147, '722609-MLA47262524152_082021.jpg', 8790, 12, 'Zapatilla Fila Move On Mujer T00414656', NULL),
(148, '911012-MLA47262524303_082021.jpg', 9499, 25, 'Zapatilla Reebok Rewind Run Hombre 658560', NULL),
(149, '603203-MLA40425692496_012020.jpg', 1529, 46, 'Pancha Rave Nino', NULL),
(150, '674252-MLA48415414926_122021.jpg', 7990, 27, 'Zapatilla Fila Classic Court Mujer', NULL),
(151, '894009-MLA44998971794_022021.jpg', 7990, 30, 'Zapatilla Fila D-formation Kids F04k004059156', NULL),
(152, '873650-MLA46386766168_062021.jpg', 11999, 26, 'Zapatilla Reebok Royal Techque T Hombre Cn3196', NULL),
(153, '705294-MLA46553917562_062021.jpg', 8149, 17, 'Zapatilla John Foos All Night White 1821166 Hombre', NULL),
(154, '910881-MLA43558687180_092020.jpg', 4499, 19, 'Zapatilla Puma Smash V2 L V Inf Adp (367124-19)', NULL),
(155, '856011-MLA32944010313_112019.jpg', 1499, 36, 'Zueco Mujer Nazarena Art 018z', NULL),
(156, '913763-MLA46596783252_072021.jpg', 11999, 29, 'Zapatilla adidas Qt Racer 2.0 Mujer Fy8247', NULL),
(157, '673248-MLA44089513458_112020.jpg', 2499, 45, 'Zapatilla Savage Dama Art. Lr37', NULL),
(158, '755119-MLA44170768432_112020.jpg', 13499, 11, 'Zapatilla adidas Grand Court Se Fw6690', NULL),
(159, '675028-MLA43625575627_092020.jpg', 7799, 7, 'Zapatilla Puma Carina Metallic Adp 373281-03', NULL),
(160, '758921-MLA41827190064_052020.jpg', 1699, 19, 'Chatita Isabella Nena Art 101_2', NULL),
(161, '867920-MLA44089517750_112020.jpg', 4999, 50, 'Zapatilla John Foos Flashback Art.1621803', NULL),
(162, '726738-MLA47735195923_102021.jpg', 11499, 25, 'Botin adidas X Ghosted.4 Tf Hombre  Fw6916', NULL),
(163, '815189-MLA42936181813_072020.jpg', 7499, 33, 'Zapatilla Reebok Reago Essent Eh3204', NULL),
(164, '749736-MLA48329402117_112021.jpg', 8490, 34, 'Zapatilla Fila Charge Mujer Urbano Rosa', NULL),
(165, '779202-MLA48415312186_122021.jpg', 8399, 30, 'Zapatilla Puma St Runner', NULL),
(166, '685741-MLA46553918359_062021.jpg', 8149, 19, 'Zapatilla John Foos All Night Black 1821164 Lona', NULL),
(167, '640098-MLA47004511911_082021.jpg', 9499, 33, 'Zapatilla Reebok Rewind Run Hombre G58559', NULL),
(168, '822829-MLA46386741990_062021.jpg', 10999, 26, 'Zapatilla adidas Advantage Base  Ee7693 Hombre', NULL),
(169, '893740-MLA41770380509_052020.jpg', 1999, 20, 'Pancha Rave Hombre 26', NULL),
(170, '633488-MLA47294368872_082021.jpg', 1499, 36, 'Sandalia Nazarena N200 Nena Franciscana', NULL),
(171, '772256-MLA47411236041_092021.jpg', 13999, 48, 'Botin Puma Borussia C Fg Adp 104657-02 Hombre', NULL),
(172, '654131-MLA47004511842_082021.jpg', 9999, 32, 'Zapatilla Puma Comet Beta 195648-09', NULL),
(173, '721384-MLA31548891584_072019.jpg', 1999, 22, 'Zapatilla Savage Dama', NULL),
(174, '990310-MLA40254518290_122019.jpg', 8699, 19, 'Botin Puma Monarch Fg', NULL),
(175, '881215-MLA47262519727_082021.jpg', 11899, 48, 'Zapatilla Puma Ultra 3.2 Tf Hombre 106644-03', NULL),
(176, '838507-MLA31605273924_072019.jpg', 10999, 13, 'Zapatilla adidas Grand Court Base Ee7904', NULL),
(177, '607264-MLA48329402030_112021.jpg', 13799, 36, 'Zapatilla Puma X-ray Hombre Urbano Gris', NULL),
(178, '748515-MLA46753697041_072021.jpg', 1999, 35, 'Botineta Nazarena 275 Mujer', NULL),
(179, '693965-MLA40996607177_032020.jpg', 1499, 27, 'Sandalia Isabella Nena D20_1', NULL),
(180, '906774-MLA46346460672_062021.jpg', 3199, 5, 'Pancha Rave Hombre Moda Casual 703', NULL),
(181, '970564-MLA47747640107_102021.jpg', 9990, 7, 'Zapatilla Fila F-euro Jogger Sport 11u335x625', NULL),
(182, '607348-MLA47004511768_082021.jpg', 4999, 20, 'Zapatilla Puma Smash V2  368728-28', NULL),
(183, '914377-MLA31622093868_072019.jpg', 9299, 23, 'Zapatilla New Balance Ml574hva', NULL),
(184, '795730-MLA31605532637_072019.jpg', 2499, 9, 'Sandalia Isabella Nena', NULL),
(185, '941525-MLA46753730671_072021.jpg', 3599, 36, 'Zapato Nazarena Tejano 272z Mujer', NULL),
(186, '940553-MLA44998942053_022021.jpg', 10999, 7, 'Zapatilla adidas Advantage Bold Eh205', NULL),
(187, '705548-MLA48415416728_122021.jpg', 9999, 18, 'Zapatilla Reebok Royal Charm Dv5409', NULL),
(188, '922422-MLA48409025437_122021.jpg', 7325, 24, 'Zapatilla John Foos Flashback', NULL),
(189, '751432-MLA45728994068_042021.jpg', 1999, 41, 'Zapatilla Isabella Niña Art. 8270', NULL),
(190, '612558-MLA47411236496_092021.jpg', 8290, 48, 'Zapatilla Fila Racer Flexion  F01r0041104644 Hombre', NULL),
(191, '900578-MLA47747640261_102021.jpg', 3199, 47, 'Sandalia Nazarena 287s Mujer Combinado', NULL),
(192, '955885-MLA46597120933_072021.jpg', 2999, 47, 'Botineta Savage Sp-282 Mujer Moda', NULL),
(193, '726717-MLA47747637742_102021.jpg', 9290, 31, 'Zapatilla Fila V.track 2.0 Mujer F02l004164156', NULL),
(194, '829692-MLA48415675201_122021.jpg', 11599, 5, 'Zapatilla Puma Disperse Xt Mujer 195651-14', NULL),
(195, '619848-MLA43712861183_102020.jpg', 4989, 22, 'Zapatilla Savage Mujer Tr-11', NULL),
(196, '799633-MLA46597130042_072021.jpg', 4539, 46, 'Zapatilla Savage Nk-3 Mujer Moda', NULL),
(197, '853316-MLA41153805705_032020.jpg', 8490, 33, 'Zapatilla Fila F-lugano 6.0 W 52t054x2172', NULL),
(198, '870901-MLA44985117603_022021.jpg', 11199, 12, 'Zapatilla Mujer New Balance Ws247ui', NULL),
(199, '790676-MLA45755269325_042021.jpg', 3999, 9, 'Borcego Savage Mujer Rio50', NULL),
(200, '907668-MLA47081724374_082021.jpg', 4999, 21, 'Zapatilla Savage Nak-100 Mujer', NULL),
(201, '604006-MLA48329402217_112021.jpg', 10999, 5, 'Zapatilla Reebok Energylux 3.0 Mujer Running Negro', NULL),
(202, '825804-MLA48465973538_122021.jpg', 7919, 22, 'Bota John Foos Flashback Pepper Rojo 1641979', NULL),
(203, '744832-MLA40821507412_022020.jpg', 5790, 38, 'Zapatilla Fila F-lugano 6.0 Infantil', NULL),
(204, '761541-MLA40996288943_032020.jpg', 2199, 13, 'Zueco Nazarena Dama 151', NULL),
(205, '881888-MLA42128905553_062020.jpg', 2649, 43, 'Borcego Isabella Nena 6811_2', NULL),
(206, '969348-MLA45728611698_042021.jpg', 2399, 26, 'Borcego Isabella Nena Art. 811_1', NULL),
(207, '943022-MLA48097811707_112021.jpg', 5499, 47, 'Mochila adidas Classic Unisex', NULL),
(208, '791178-MLA48329396874_112021.jpg', 4779, 10, 'Sandalia Savage Mujer Urbano Negro', NULL),
(209, '884824-MLA48531641845_122021.jpg', 10999, 48, 'Zapatilla New Balance Wl574ksc Gris', NULL),
(210, '852659-MLA46882966769_072021.jpg', 5280, 38, 'Zapatilla Footy Niño Hi414', NULL),
(211, '645694-MLA48329403068_112021.jpg', 12499, 32, 'Zapatilla Reebok Ztaur Run Mujer Running Bordo', NULL),
(212, '890172-MLA48408993404_122021.jpg', 10999, 29, 'Zapatilla adidas Courtpoint Base Mujer', NULL),
(213, '914341-MLA48415415744_122021.jpg', 11999, 14, 'Zapatilla Reebok Royal Glide Dv5412', NULL),
(214, '683702-MLA48465250698_122021.jpg', 8779, 7, 'Zapatilla John Foos Dye Fall Burned Negro', NULL),
(215, '873018-MLA40833957942_022020.jpg', 5790, 38, 'Zapatilla Fila F-lugano 6.0 Vlc Baby 61k329x2823', NULL),
(216, '764378-MLA46857843413_072021.jpg', 4979, 32, 'Zapatilla Savage Ts-40 Mujer Moda', NULL),
(217, '770741-MLA48408993371_122021.jpg', 8790, 18, 'Zapatilla Fila Trend 2.0 Hombre', NULL),
(218, '809822-MLA48465933452_122021.jpg', 10299, 43, 'Zapatilla Puma Rose Adp Mujer Negro', NULL),
(219, '675434-MLA48578353492_122021.jpg', 1499, 21, 'Zapatilla Rave Lona Niño 998', NULL),
(220, '801834-MLA46522935176_062021.jpg', 10990, 33, 'Zapatilla Fila Float Fly Hombre 11j721x943', NULL),
(221, '860151-MLA41770450725_052020.jpg', 2499, 34, 'Zapatilla Rave 1200', NULL),
(222, '900995-MLA48415673413_122021.jpg', 7159, 41, 'Zapatilla John Foos  Legend 182 Negro 1820002', NULL),
(223, '969926-MLA48415675193_122021.jpg', 14999, 20, 'Zapatilla Puma Aviator Unisex', NULL),
(224, '935099-MLA48415750007_122021.jpg', 8790, 14, 'Zapatilla Fila Trend 2.0 Hombre F01st0040231645', NULL),
(225, '869705-MLA48465933443_122021.jpg', 8399, 17, 'Zapatilla Puma St Runner Niño Rosa', NULL),
(226, '873628-MLA48531640892_122021.jpg', 11199, 49, 'Zapatilla New Balance Ws247ue Gris', NULL),
(227, '739308-MLA42128904835_062020.jpg', 3999, 11, 'Borcego Savage Dama Rio50', NULL),
(228, '732783-MLA46597122900_072021.jpg', 4199, 38, 'Botineta Cf Mujer 18-60302 Moda', NULL),
(229, '786958-MLA48329396984_112021.jpg', 8790, 15, 'Zapatilla Fila Styling Hombre Urbano Negro', NULL),
(230, '684268-MLA40833959978_022020.jpg', 5790, 41, 'Zapatilla Fila Lugano 6.0 Vlc Baby 61k329x979', NULL),
(231, '865676-MLA46431992097_062021.jpg', 2399, 12, 'Botineta Isabella Nena 822_1', NULL),
(232, '951406-MLA48409024955_122021.jpg', 7990, 38, 'Zapatilla Fila Extase Mujer', NULL),
(233, '602426-MLA48465692863_122021.jpg', 11799, 20, 'Zapatilla Puma Dista Runner Tonal Violeta', NULL),
(234, '668067-MLA48497571004_122021.jpg', 9999, 27, 'Botin adidas Nemeziz Messi 19.4 Fxg  Azul', NULL),
(235, '845002-MLA47747640346_102021.jpg', 3299, 40, 'Zueco Nazarena 167 Mujer Negro', NULL),
(236, '979967-MLA48329402182_112021.jpg', 4800, 11, 'Sandalia Savage Mujer Urbano Negro', NULL),
(237, '782452-MLA48415675216_122021.jpg', 7159, 42, 'Zapatilla John Foos Legend 182 1820001', NULL),
(238, '796377-MLA46596974557_072021.jpg', 2599, 44, 'Botineta Isabella Nena Moda 5717_2', NULL),
(239, '852967-MLA48097812531_112021.jpg', 1729, 42, 'Zapatilla Rave Nino', NULL),
(240, '748487-MLA48465985397_122021.jpg', 2859, 30, 'Zapatilla Rave Mujer Grafito', NULL),
(241, '748692-MLA48497568258_122021.jpg', 6590, 41, 'Zapatilla Fila Sparky Hombre Negro F01st0040331422', NULL),
(242, '864858-MLA48531639785_122021.jpg', 11199, 39, 'Zapatilla New Balance Ws247uf Verde', NULL),
(243, '876398-MLA48329402082_112021.jpg', 9999, 18, 'Zapatilla Reebok Flexagon Energy Tr Mujer Training Cemento', NULL),
(244, '868531-MLA45728787956_042021.jpg', 2649, 16, 'Borcego Isabella Niñas Art. 7216', NULL),
(245, '606389-MLA48329758705_112021.jpg', 6380, 36, 'Zapatilla Footy Paw Patroll Niño', NULL),
(246, '649921-MLA48465252260_122021.jpg', 4490, 34, 'Zapatilla Fila F-lugano 6.0 Baby Negro', NULL),
(247, '836525-MLA48531640898_122021.jpg', 11199, 12, 'Zapatilla New Balance Ws247uj Violeta', NULL),
(248, '853918-MLA48531641828_122021.jpg', 4380, 5, 'Zapatilla Footy Niño Urbano Rosa Pop0465', NULL),
(249, '689582-MLA46431992040_062021.jpg', 2639, 12, 'Botineta Isabella Niños 6822', NULL),
(250, '682742-MLA48097813210_112021.jpg', 7299, 32, 'Zapatilla Puma Comet 2 Bebe', NULL),
(251, '927331-MLA48415531356_122021.jpg', 6380, 49, 'Zapatilla Footy Princesa Niño Pri601', NULL),
(252, '920151-MLA48420787907_122021.jpg', 5199, 8, 'Sandalia Savage Mujer Gm-301', NULL),
(253, '927537-MLA46346461508_062021.jpg', 2269, 39, 'Zapatilla Rave Hombre Lona Casual 201', NULL),
(254, '768136-MLA46522809683_062021.jpg', 9590, 31, 'Zapatilla Fila Forehand Hombre 11t057x156', NULL),
(255, '812224-MLA48415572017_122021.jpg', 6380, 33, 'Zapatilla Footy Frozen Niño Frz111', NULL),
(256, '971513-MLA48415419084_122021.jpg', 4580, 46, 'Zapatilla Footy Frozen Niño Frz00110', NULL),
(257, '703986-MLA48531641813_122021.jpg', 13999, 10, 'Zapatilla adidas Grand Court Se Mujer Urbano Blanco Fy8673', NULL),
(258, '814553-MLA48578353617_122021.jpg', 2199, 42, 'Sandalia Isabella Nena Blanco F954_1', NULL),
(259, '834235-MLA48578353611_122021.jpg', 4849, 49, 'Zueco Savage Mujer Blanco Lola', NULL),
(260, '796090-MLA41770385013_052020.jpg', 1569, 37, 'Botita Rave Nino 76', NULL),
(261, '644082-MLA47747640148_102021.jpg', 3299, 18, 'Zueco Nazarena 167 Mujer Beige', NULL),
(262, '747940-MLA48329396816_112021.jpg', 8490, 38, 'Zapatilla Fila Charge Mujer Urbano Negro', NULL),
(263, '865135-MLA48415416698_122021.jpg', 4580, 9, 'Zapatilla Footy Minnie Niño Min00312', NULL),
(264, '929473-MLA48531641805_122021.jpg', 6149, 36, 'Zapatilla Footy Nene Urbano Negro-azul Hi504', NULL),
(265, '639726-MLA48578353469_122021.jpg', 3179, 14, 'Sandalia Isabella Nena Blanco 8954_2', NULL),
(266, '972664-MLA48578353629_122021.jpg', 3179, 25, 'Sandalia Isabella Nena Negro 8955_2', NULL),
(267, '947301-MLA41177774050_032020.jpg', 8490, 31, 'Zapatilla Fila F-lugano 6.0 W 52t054x2823', NULL),
(268, '892657-MLA48415416704_122021.jpg', 4380, 17, 'Zapatilla Footy Niño Pop0464', NULL),
(269, '738851-MLA48465932787_122021.jpg', 5790, 23, 'Zapatilla Fila F-lugano 6.0 Infantil Blanco', NULL),
(270, '701087-MLA48465259283_122021.jpg', 5790, 19, 'Zapatilla Fila F-lugano 6.0 Vlc Baby Blanco', NULL),
(271, '905846-MLA48531641500_122021.jpg', 5980, 6, 'Zapatilla Footy Niño Urbano Rosa Wow0479', NULL),
(272, '994931-MLA48578353558_122021.jpg', 2199, 43, 'Sandalia Isabella Nena Nude F954_1', NULL),
(273, '773699-MLA48415571455_122021.jpg', 6380, 40, 'Zapatilla Footy Cars Niño Cars511', NULL),
(274, '817729-MLA48415439198_122021.jpg', 1349, 10, 'Media Puma Footies 2p Women', NULL),
(275, '842668-MLA48408995254_122021.jpg', 8290, 45, 'Zapatilla Fila Racer Flexion Mujer', NULL),
(276, '955211-MLA48415437735_122021.jpg', 1869, 9, 'Zoquete Puma Quarter X3', NULL),
(277, '749558-MLA48415437664_122021.jpg', 1879, 5, 'Medias Puma Lifestyle Sneakers', NULL),
(278, '825134-MLA48465253028_122021.jpg', 5790, 38, 'Zapatilla Fila Lugano 6.0 Vlc Bebe Negro', NULL),
(279, '801663-MLA48578353565_122021.jpg', 3299, 19, 'Zueco Nazarena Mujer Beige Tierra 167', NULL),
(280, '731485-MLA46753696476_072021.jpg', 3499, 20, 'Borcego Savage Mora 20 Mujer', NULL),
(281, '844756-MLA47747488537_102021.jpg', 13799, 40, 'Zapatilla Puma X-ray Game Hombre 382151-17', NULL),
(282, '625837-MLA47747485983_102021.jpg', 13799, 26, 'Zapatilla Puma X-ray Game Hombre 382151-16', NULL),
(283, '711366-MLA47411233842_092021.jpg', 10899, 6, 'Zapatilla Puma Resolve Street 195652-01 Hombre', NULL),
(284, '687105-MLA44998973919_022021.jpg', 10999, 11, 'Zapatilla adidas Advantage Bold Eh2057', NULL),
(285, '809452-MLA48408995246_122021.jpg', 10999, 10, 'Zapatilla adidas Runfalcon 2.0 Hombre', NULL),
(286, '868284-MLA32253698161_092019.jpg', 1999, 12, 'Sandalia Isabella Nena', NULL),
(287, '656417-MLA43625575963_092020.jpg', 10999, 15, 'Zapatilla Mujer New Balance Wl574ksc', NULL),
(288, '679960-MLA46553918158_062021.jpg', 8129, 44, 'Zapatilla John Foos 176 Big Player Mist 1761613 Moda', NULL),
(289, '647513-MLA46346320281_062021.jpg', 3499, 45, 'Botineta Savage Mujer Moda Mora21', NULL),
(290, '888200-MLA46522718651_062021.jpg', 8490, 25, 'Zapatilla Fila Lugano Mujer 52t054x4020', NULL),
(291, '726118-MLA46725074093_072021.jpg', 5999, 48, 'Zapatilla Puma St Runner V2 Nl V In 368357-01', NULL),
(292, '620906-MLA46553928985_062021.jpg', 7590, 38, 'Zapatilla Fila F-discovery W 51j694x4450 Training', NULL),
(293, '621046-MLA32195312436_092019.jpg', 2999, 27, 'Sandalia Savage Dama', NULL),
(294, '990486-MLA40745797041_022020.jpg', 1999, 12, 'Zapatilla Savage Dama Fs50654', NULL),
(295, '929885-MLA47262526382_082021.jpg', 10999, 45, 'Zapatilla adidas Grand Court Base  Fw0810 Mujer', NULL),
(296, '672300-MLA43625577673_092020.jpg', 10899, 30, 'Zapatilla Puma Bmw Mms R-cat Adp 306595-02', NULL),
(297, '699215-MLA47747485923_102021.jpg', 8599, 43, 'Zapatilla New Balance Kjx90 Niño', NULL),
(298, '888605-MLA48415673288_122021.jpg', 11999, 48, 'Zapatilla Puma Electron E Mujer', NULL),
(299, '947285-MLA47734987878_102021.jpg', 9999, 32, 'Zapatilla Reebok Royal Charm Dv5409 Mujer', NULL),
(300, '931809-MLA46553587214_062021.jpg', 9999, 46, 'Zapatilla Puma Comet Beta 195648-07 Mujer Running', NULL),
(301, '626819-MLA46386744419_062021.jpg', 13999, 42, 'Zapatilla adidas Grand Court  Fw3277 Hombre', NULL),
(302, '959577-MLA46553917275_062021.jpg', 8779, 42, 'Zapatilla John Foos 752 Dye Fall Ocher 7521897 Hombre', NULL),
(303, '983160-MLA47294162599_082021.jpg', 7049, 29, 'Zapatilla New Balance Kl247o2p', NULL),
(304, '982912-MLA47262758185_082021.jpg', 12499, 49, 'Zapatilla Puma Cell Vive Clean Fade Mujer 195116-02', NULL),
(305, '700008-MLA47747488440_102021.jpg', 10899, 26, 'Zapatilla Puma Jada Mujer 384305-02', NULL),
(306, '791971-MLA31463934617_072019.jpg', 5199, 12, 'Zapatilla adidas Altasport Cf I D96844', NULL),
(307, '645729-MLA46477757249_062021.jpg', 10999, 35, 'Zapatilla adidas Advantage Base Moda Mujer Ee7511', NULL),
(308, '746426-MLA47735195498_102021.jpg', 11499, 17, 'Botin adidas Copa Sense.4 Tf Hombre Fy6179', NULL),
(309, '939763-MLA46553916866_062021.jpg', 8149, 50, 'Zapatilla John Foos All Night Mist 1821507 Lona Hombre', NULL),
(310, '838458-MLA41666532217_052020.jpg', 9999, 9, 'Zapatilla adidas Nemeziz Messi 19.4 Ef1818', NULL),
(311, '947590-MLA42128904797_062020.jpg', 2999, 12, 'Borcego Svg Dama Doc-450', NULL),
(312, '999588-MLA46882966741_072021.jpg', 5179, 19, 'Zapatilla Footy Nene Urb428', NULL),
(313, '924222-MLA41177771617_032020.jpg', 5790, 17, 'Zapatilla Fila F-lugano 6.0 Vlc 61k329x3506', NULL),
(314, '987991-MLA46597130186_072021.jpg', 4999, 5, 'Zapatilla Savage Dg-161 Mujer Moda', NULL),
(315, '861495-MLA48415312265_122021.jpg', 5999, 48, 'Zapatilla John Foos Flashback 1641852', NULL),
(316, '731562-MLA48451531586_122021.jpg', 1979, 42, 'Zapatilla Rave Nino Aero', NULL),
(317, '615336-MLA48465932693_122021.jpg', 10899, 50, 'Zapatilla Puma Bmw Mms R-cat Hombre Negro', NULL),
(318, '847915-MLA48465932778_122021.jpg', 4890, 5, 'Zapatilla Fila F-volt Kids Negro', NULL),
(319, '650698-MLA32856565423_112019.jpg', 1699, 45, 'Chatita Isabella Nena', NULL),
(320, '792681-MLA44699893260_012021.jpg', 6789, 39, 'Zapatilla John Foos Classic 182 Azul', NULL),
(321, '692428-MLA46196103998_052021.jpg', 10999, 41, 'Zapatilla New Balance Wl574sau Mujer Urbano Moda', NULL),
(322, '881469-MLA46753696588_072021.jpg', 2799, 19, 'Zapato Savage  Zr-50 Mujer', NULL),
(323, '875284-MLA47734931853_102021.jpg', 13999, 28, 'Zapatilla adidas Grand Court  Fy8673 Se Mujer', NULL),
(324, '989065-MLA48329398500_112021.jpg', 11499, 14, 'Zapatilla Reebok Energylux 3.0 Mujer Running Rosa', NULL),
(325, '657407-MLA44998802510_022021.jpg', 4989, 15, 'Zapatilla Savage Mujer Art. Tr-10', NULL),
(326, '894530-MLA47747485876_102021.jpg', 14199, 15, 'Zapatilla Puma Bmw Mms R-cat Machin Hombre', NULL),
(327, '924492-MLA48329402228_112021.jpg', 9999, 31, 'Zapatilla Reebok Flexagon Energy Tr Hombre Training Negro', NULL),
(328, '991144-MLA41071580132_032020.jpg', 8490, 31, 'Zapatilla Fila F-lugano 6.0 52t054x2966', NULL),
(329, '803643-MLA44330234484_122020.jpg', 1999, 44, 'Ojota Nazarena Mujer Art. 400', NULL),
(330, '736621-MLA48466335017_122021.jpg', 13999, 29, 'Botin Puma Borussia Fg Negro 104657', NULL),
(331, '796339-MLA48484973261_122021.jpg', 7799, 32, 'Zapatilla Puma Carina Metallic Adp Rosa', NULL),
(332, '830670-MLA48329396999_112021.jpg', 4499, 41, 'Bolso Reebok Te S Grip Urbano Negro', NULL),
(333, '878962-MLA48415675224_122021.jpg', 9199, 39, 'Zapatilla Puma Disperse Xt Mujer 195651-16', NULL),
(334, '851896-MLA46196106292_052021.jpg', 7990, 23, 'Zapatilla Fila Racer Move Mujer Deportivo  51j731x4250', NULL),
(335, '730565-MLA46882974181_072021.jpg', 5179, 45, 'Zapatilla Footy Niño Hi410', NULL),
(336, '842200-MLA48451531628_122021.jpg', 2859, 28, 'Zapatilla Rave Mujer 1308', NULL),
(337, '877035-MLA48497571100_122021.jpg', 5990, 33, 'Zapatilla Fila Flexion Niño Running Azul', NULL),
(338, '752573-MLA48497569196_122021.jpg', 14490, 21, 'Zapatilla Fila Kr5 Hombre Negro F01r004104979', NULL),
(339, '797362-MLA47411235033_092021.jpg', 14199, 42, 'Zapatilla Puma Bmw Mms R-cat Machin 307070-02 Hombre', NULL),
(340, '882156-MLA48329400135_112021.jpg', 8999, 35, 'Zapatilla Reebok Royal Comple Unisex Urbano Negro', NULL),
(341, '624550-MLA40833961162_022020.jpg', 4490, 29, 'Zapatilla Fila F-lugano 6.0 Baby 61k330x2823', NULL),
(342, '745168-MLA46553994520_062021.jpg', 10999, 26, 'Zapatilla New Balance Wl574saw Mujer Moda', NULL),
(343, '884243-MLA46597125276_072021.jpg', 4979, 50, 'Zapatilla Savage Za480 Mujer Moda', NULL),
(344, '605998-MLA46753729882_072021.jpg', 3479, 5, 'Borcego Nazarena 256 Mujer', NULL),
(345, '684499-MLA48531643091_122021.jpg', 9499, 16, 'Zapatilla adidas Fortarun Niño Running Gris', NULL),
(346, '709001-MLA48531641900_122021.jpg', 8249, 9, 'Zapatilla New Balance Wl420fsc Mujer Rosa', NULL),
(347, '760775-MLA40450843630_012020.jpg', 2199, 26, 'Sandalia  Mujer Nazarena  Art. S287', NULL),
(348, '664336-MLA40996606031_032020.jpg', 1499, 46, 'Sandalia Isabella Nena D17_1', NULL),
(349, '603373-MLA46882974107_072021.jpg', 3980, 8, 'Zapatilla Footy Nene Pop475', NULL),
(350, '712554-MLA48415569947_122021.jpg', 13999, 36, 'Zapatilla adidas Grand Court Se Hombre', NULL),
(351, '912433-MLA44941060043_022021.jpg', 1889, 28, 'Botita Rave Nino 83', NULL),
(352, '902866-MLA44998786215_022021.jpg', 11199, 11, 'Zapatilla New Balance Ws247ue', NULL),
(353, '986469-MLA47411235485_092021.jpg', 9290, 7, 'Zapatilla Fila V. Track 2.0 Hombre', NULL),
(354, '675054-MLA47411234820_092021.jpg', 10899, 29, 'Zapatilla Puma Resolve Street 195062-01 Hombre', NULL),
(355, '629140-MLA48329398671_112021.jpg', 9999, 5, 'Zapatilla Reebok Flexagon Energy Hombre Training Negro', NULL),
(356, '922332-MLA48329403102_112021.jpg', 12499, 8, 'Zapatilla Reebok Ztaur Run Mujer Running Gris', NULL),
(357, '867965-MLA48097811555_112021.jpg', 11499, 27, 'Zapatilla adidas Racer Niño', NULL),
(358, '644949-MLA46522740738_062021.jpg', 6999, 5, 'Zapatilla Puma Smash 368728-01 Niño', NULL),
(359, '867868-MLA40916864083_022020.jpg', 4490, 11, 'Zapatilla Fila F-lugano 6.0 Baby 61k330x3506', NULL),
(360, '959212-MLA44330234488_122020.jpg', 2199, 22, 'Zapatilla Rave Nino Art.534', NULL),
(361, '602410-MLA47411235317_092021.jpg', 4599, 27, 'Zapatilla Savage  Cv-72 Mujer', NULL),
(362, '608838-MLA46968825736_082021.jpg', 14249, 16, 'Zapatilla New Balance 247 Mujer Wrl247wm', NULL),
(363, '764855-MLA47004513180_082021.jpg', 1449, 49, 'Zapatilla Rave Lona Niño 10', NULL),
(364, '691185-MLA48329396960_112021.jpg', 9399, 31, 'Zapatilla Puma Flyer Runner Running Lila', NULL),
(365, '744940-MLA46196107229_052021.jpg', 6590, 6, 'Zapatilla Fila Sparky Hombre Deportivo  F01st0040331422', NULL),
(366, '640283-MLA46753696609_072021.jpg', 3799, 6, 'Borcego Savage Ms20 Mujer', NULL),
(367, '944838-MLA46968825726_082021.jpg', 5479, 46, 'Zapatilla Pepa Pig Nena Luces Ppx986', NULL),
(368, '797973-MLA48329400119_112021.jpg', 10999, 21, 'Zapatilla adidas Runfalcon 2.0 Mujer Running Negro', NULL),
(369, '917725-MLA48415310724_122021.jpg', 9699, 30, 'Zapatilla Puma Accent Mujer', NULL),
(370, '657605-MLA40833959654_022020.jpg', 2790, 17, 'Mochila Fila Nineteen Eleven 160', NULL),
(371, '990145-MLA31115108576_062019.jpg', 3599, 38, 'Zapato Nazarena Tejano Dama Suela', NULL),
(372, '880455-MLA44170247361_112020.jpg', 9999, 39, 'Botin adidas Nemeziz 19.4 Tf J Fv3314', NULL),
(373, '967172-MLA29674317247_032019.jpg', 3290, 24, 'Zapatilla Fila F-lugano 5.0 Vlc Baby', NULL),
(374, '852630-MLA40437723257_012020.jpg', 2199, 11, 'Sandalia Nazarena Dama Monedas', NULL),
(375, '640647-MLA46725073312_072021.jpg', 8790, 8, 'Zapatilla Fila Trend 2.0 Mujer F02st0040244641', NULL),
(376, '981881-MLA46968826455_082021.jpg', 3899, 31, 'Zapatilla Footy Toy Story Nene Toy402', NULL),
(377, '952190-MLA48329400166_112021.jpg', 12499, 22, 'Zapatilla Reebok Ztaur Run Hombre Running Rojo', NULL),
(378, '937462-MLA46968769427_082021.jpg', 7590, 34, 'Zapatilla Fila F-discovery W Mujer 51j694x4125', NULL),
(379, '953317-MLA47294447179_082021.jpg', 1999, 7, 'Zapatilla Savage Lr31 Mujer', NULL),
(380, '899653-MLA46196107211_052021.jpg', 7990, 35, 'Zapatilla Fila Racer Move Mujer Deportivo  51j731x4251', NULL),
(381, '646955-MLA47747637747_102021.jpg', 8790, 26, 'Zapatilla Fila Move On Mujer F02at0041414654', NULL),
(382, '984899-MLA46477773994_062021.jpg', 3599, 30, 'Zapato Nazarena Tejano Mujer Moda 271z', NULL),
(383, '900811-MLA46596944190_072021.jpg', 2499, 35, 'Zapatilla Rave Niño 999 Moda Lona', NULL),
(384, '724603-MLA44998959305_022021.jpg', 11199, 35, 'Zapatilla New Balance Ws247uf', NULL),
(385, '691692-MLA44089513460_112020.jpg', 6199, 19, 'Zapatilla John Foos Peak Art. 1721867', NULL),
(386, '928347-MLA46725115991_072021.jpg', 4999, 20, 'Zapatilla Puma Smah Adp  368728-21', NULL),
(387, '753671-MLA47291566235_082021.jpg', 2199, 18, 'Sandalia Nazarena 288s Mujer', NULL),
(388, '937607-MLA46145541718_052021.jpg', 2999, 37, 'Botineta Gavas Acordonada  Gamuza Mujer Sp280', NULL),
(389, '603692-MLA48497568298_122021.jpg', 10999, 5, 'Zapatilla adidas Grand Court Base Blanco Ee7904', NULL),
(390, '718833-MLA48531641916_122021.jpg', 11499, 34, 'Botin adidas X Ghosted.4 Tf Hombre Futbol Fucsia', NULL),
(391, '967109-MLA46553920023_062021.jpg', 9999, 35, 'Zapatilla adidas Courtpoint Mujer Fy8406 Moda', NULL),
(392, '623133-MLA47747488477_102021.jpg', 10899, 20, 'Zapatilla Puma Rose Plus Mujer 382143-05', NULL),
(393, '640519-MLA44998775752_022021.jpg', 11199, 43, 'Zapatilla Mujer New Balance Ws247uj', NULL),
(394, '963045-MLA41177773073_032020.jpg', 4890, 18, 'Zapatilla Fila F-volt Kids 31j316x943', NULL),
(395, '810026-MLA47004513139_082021.jpg', 9999, 28, 'Zapatilla Puma Comet 2 195648-08', NULL),
(396, '640612-MLA31642776358_072019.jpg', 13499, 46, 'Zapatilla adidas Grand Court F36392', NULL),
(397, '935115-MLA47058824595_082021.jpg', 2659, 20, 'Zapatilla Rave Mujer 1316 Outdoors', NULL),
(398, '748726-MLA47262521661_082021.jpg', 7599, 34, 'Zapatilla New Balance W413ri1', NULL),
(399, '649098-MLA31605562682_072019.jpg', 2199, 15, 'Zueco Nazarena Dama', NULL),
(400, '774414-MLA44941143207_022021.jpg', 799, 49, 'Zapatilla Rave Nino', NULL),
(401, '810986-MLA40542338587_012020.jpg', 1199, 22, 'Sandalia Isabella Nena-734_1', NULL),
(402, '693553-MLA41666532273_052020.jpg', 7999, 37, 'Zapatilla adidas Lite Racer 2.0 I Eg5920', NULL),
(403, '697896-MLA46196107467_052021.jpg', 5790, 33, 'Zapatilla Fila F-lugano 6.0 Infantil  Deportivo 31k326x150', NULL),
(404, '669092-MLA45564222256_042021.jpg', 5790, 33, 'Zapatilla Fila F-lugano 6.0 Infantil 31k326x3506', NULL),
(405, '951239-MLA40996337486_032020.jpg', 1499, 13, 'Sandalia Nazarena Dama 261', NULL),
(406, '799061-MLA47004510869_082021.jpg', 11799, 48, 'Zapatilla Puma Cilia Lux Adp Mujer 368685-01', NULL),
(407, '802783-MLA43558686039_092020.jpg', 10899, 6, 'Zapatilla Puma Bmw Mms R-cat Adp (306595-01)', NULL),
(408, '883467-MLA40821505024_022020.jpg', 5790, 23, 'Zapatilla Fila F-lugano 6.0 Infantil 31k326x2823', NULL),
(409, '609119-MLA46882966771_072021.jpg', 12499, 44, 'Zapatilla Reebok Heritance Mujer H05907', NULL),
(410, '798666-MLA48415528793_122021.jpg', 4979, 28, 'Sandalia Footy Minnie Nena Min1012', NULL),
(411, '946691-MLA46857751371_072021.jpg', 4149, 26, 'Zapatilla Savage Lr 26 Mujer Moda', NULL),
(412, '807148-MLA47411235882_092021.jpg', 13999, 17, 'Zapatilla adidas Grand Court Se Fy8169 Hombre', NULL),
(413, '966578-MLA47411235050_092021.jpg', 11799, 36, 'Zapatilla Puma X-ray Lite 381814-21 Unisex', NULL),
(414, '634270-MLA46857840328_072021.jpg', 3980, 41, 'Zapatilla Footy Nena Pop464', NULL),
(415, '767953-MLA42936183840_072020.jpg', 9999, 5, 'Botin adidas Nemeziz Messi 19.4 Fxg Já Ef1816', NULL),
(416, '812257-MLA44998709096_022021.jpg', 4999, 26, 'Zapatilla John Foos Amazonia White Art. 7521714', NULL),
(417, '968030-MLA46196014394_052021.jpg', 10999, 18, 'Zapatilla adidas Advantage Bold Mujer Urbano Moda Eh2055', NULL),
(418, '823674-MLA46596943928_072021.jpg', 799, 11, 'Guillermina Rave Nena 045 Moda', NULL),
(419, '764763-MLA46857839788_072021.jpg', 6990, 30, 'Zapatilla Fila F-loop F02st004068156  Mujer', NULL),
(420, '975031-MLA46553588048_062021.jpg', 5990, 28, 'Zapatilla Fila Racer Fluid 51j719x4351 Mujer', NULL),
(421, '649028-MLA48415312178_122021.jpg', 11799, 2, 'Zapatilla Puma X-ray Lite Hombre', NULL),
(422, '619756-MLA46522715855_062021.jpg', 9999, 28, 'Zapatilla Puma Comet 2 Alt Beta 195648-04', NULL),
(423, '894677-MLA46386763641_062021.jpg', 12999, 28, 'Zapatilla Reebok Royal Turbo Fw0927 Mujer', NULL),
(424, '724502-MLA47004513117_082021.jpg', 10299, 0, 'Zapatilla Puma Rose Adp Mujer 382144-04', NULL),
(456, '602426-MLA48465692863_122021.jpg', 10000, 23, 'aaaaaaaaa', NULL),
(485, '', 0, 0, 'aaaaaaaaa', NULL),
(484, '', 0, 0, 'aaaaaaaaa', NULL),
(486, '990145-MLA31115108576_062019.jpg', 20000, 30, 'qqqqqqq', NULL),
(487, '602410-MLA47411235317_092021.jpg', 3000, 30, 'aaaaaaaaa', NULL);

-- --------------------------------------------------------

--
-- Cấu trúc bảng cho bảng `brand`
--

CREATE TABLE `brand` (
  `id` bigint(20) NOT NULL,
  `name` varchar(255) DEFAULT NULL,
  `article_id` bigint(20) DEFAULT NULL
) ENGINE=MyISAM DEFAULT CHARSET=latin1 COLLATE=latin1_swedish_ci;

--
-- Đang đổ dữ liệu cho bảng `brand`
--

INSERT INTO `brand` (`id`, `name`, `article_id`) VALUES
(538, 'Other', 3),
(539, 'John Foos', 4),
(541, 'Other', 6),
(542, 'Other', 7),
(543, 'Other', 8),
(544, 'Adidas', 9),
(545, 'Other', 10),
(546, 'Other', 11),
(547, 'Topper', 12),
(567, 'Topper', 42),
(550, 'Topper', 15),
(551, 'Adidas', 16),
(552, 'Topper', 17),
(553, 'Fila', 18),
(554, 'Topper', 19),
(555, 'Other', 20),
(556, 'Topper', 21),
(557, 'New Balance', 22),
(559, 'Topper', 24),
(560, 'Other', 25),
(561, 'Other', 26),
(562, 'Other', 27),
(563, 'Nazarena', 28),
(565, 'Fila', 30),
(566, 'Other', 41),
(533, 'Other', 31),
(534, 'Topper', 32),
(535, 'Topper', 33),
(536, 'John Foos', 1),
(34, 'Puma', 34),
(35, 'Puma', 35),
(36, 'Other', 36),
(37, 'Fila', 37),
(38, 'Footy', 38),
(39, 'Other', 39),
(40, 'Other', 40),
(568, 'Topper', 43),
(569, 'Topper', 44),
(570, 'Other', 45),
(571, 'Rave', 46),
(572, 'Topper', 47),
(573, 'Topper', 48),
(574, 'Other', 50),
(576, 'Other', 456),
(575, 'Topper', 49),
(548, 'Nazarena', 13),
(51, 'Topper', 51),
(52, 'Reebok', 52),
(53, 'Other', 53),
(54, 'Other', 54),
(55, 'Other', 55),
(56, 'Adidas', 56),
(57, 'Topper', 57),
(58, 'Other', 58),
(59, 'Other', 59),
(60, 'Nazarena', 60),
(61, 'Topper', 61),
(62, 'Other', 62),
(63, 'Other', 63),
(64, 'Other', 64),
(65, 'Other', 65),
(66, 'Topper', 66),
(67, 'Footy', 67),
(68, 'Other', 68),
(69, 'New Balance', 69),
(70, 'Nazarena', 70),
(71, 'Other', 71),
(72, 'Topper', 72),
(73, 'Other', 73),
(74, 'Footy', 74),
(75, 'Other', 75),
(76, 'Nazarena', 76),
(77, 'Fila', 77),
(78, 'Topper', 78),
(79, 'Other', 79),
(80, 'Fila', 80),
(81, 'Topper', 81),
(82, 'Other', 82),
(83, 'Topper', 83),
(84, 'Other', 84),
(85, 'Other', 85),
(86, 'Other', 86),
(87, 'Rave', 87),
(88, 'Topper', 88),
(89, 'Adidas', 89),
(90, 'Other', 90),
(91, 'Savage', 91),
(92, 'Other', 92),
(93, 'Topper', 93),
(94, 'Fila', 94),
(95, 'Puma', 95),
(96, 'Topper', 96),
(97, 'John Foos', 97),
(98, 'Topper', 98),
(99, 'Topper', 99),
(100, 'Topper', 100),
(101, 'Puma', 101),
(102, 'New Balance', 102),
(103, 'Topper', 103),
(104, 'Fila', 104),
(105, 'Topper', 105),
(106, 'Savage', 106),
(107, 'Fila', 107),
(108, 'Puma', 108),
(109, 'Topper', 109),
(110, 'Savage', 110),
(111, 'Topper', 111),
(112, 'Adidas', 112),
(113, 'Savage', 113),
(114, 'Puma', 114),
(115, 'Puma', 115),
(116, 'Topper', 116),
(117, 'Adidas', 117),
(118, 'Puma', 118),
(119, 'Adidas', 119),
(120, 'Puma', 120),
(121, 'Fila', 121),
(122, 'Adidas', 122),
(123, 'Puma', 123),
(124, 'New Balance', 124),
(125, 'Savage', 125),
(126, 'Puma', 126),
(127, 'Topper', 127),
(128, 'Topper', 128),
(129, 'Puma', 129),
(130, 'Savage', 130),
(131, 'Topper', 131),
(132, 'Puma', 132),
(133, 'Footy', 133),
(134, 'Topper', 134),
(135, 'Rave', 135),
(136, 'Fila', 136),
(137, 'Savage', 137),
(138, 'Topper', 138),
(139, 'Adidas', 139),
(140, 'Puma', 140),
(141, 'Isabella', 141),
(142, 'Topper', 142),
(143, 'Puma', 143),
(144, 'Puma', 144),
(145, 'Rave', 145),
(146, 'Savage', 146),
(147, 'Fila', 147),
(148, 'Reebok', 148),
(149, 'Rave', 149),
(150, 'Fila', 150),
(151, 'Fila', 151),
(152, 'Reebok', 152),
(153, 'John Foos', 153),
(154, 'Puma', 154),
(155, 'Nazarena', 155),
(156, 'Adidas', 156),
(157, 'Savage', 157),
(158, 'Adidas', 158),
(159, 'Puma', 159),
(160, 'Isabella', 160),
(161, 'John Foos', 161),
(162, 'Adidas', 162),
(163, 'Reebok', 163),
(164, 'Fila', 164),
(165, 'Puma', 165),
(166, 'John Foos', 166),
(167, 'Reebok', 167),
(168, 'Adidas', 168),
(169, 'Rave', 169),
(170, 'Nazarena', 170),
(171, 'Puma', 171),
(172, 'Puma', 172),
(173, 'Savage', 173),
(174, 'Puma', 174),
(175, 'Puma', 175),
(176, 'Adidas', 176),
(177, 'Puma', 177),
(178, 'Nazarena', 178),
(179, 'Isabella', 179),
(180, 'Rave', 180),
(181, 'Fila', 181),
(182, 'Puma', 182),
(183, 'New Balance', 183),
(184, 'Isabella', 184),
(185, 'Nazarena', 185),
(186, 'Adidas', 186),
(187, 'Reebok', 187),
(188, 'John Foos', 188),
(189, 'Isabella', 189),
(190, 'Fila', 190),
(191, 'Nazarena', 191),
(192, 'Savage', 192),
(193, 'Fila', 193),
(194, 'Puma', 194),
(195, 'Savage', 195),
(196, 'Savage', 196),
(197, 'Fila', 197),
(198, 'New Balance', 198),
(199, 'Savage', 199),
(200, 'Savage', 200),
(201, 'Reebok', 201),
(202, 'John Foos', 202),
(203, 'Fila', 203),
(204, 'Nazarena', 204),
(205, 'Isabella', 205),
(206, 'Isabella', 206),
(207, 'Adidas', 207),
(208, 'Savage', 208),
(209, 'New Balance', 209),
(210, 'Footy', 210),
(211, 'Reebok', 211),
(212, 'Adidas', 212),
(213, 'Reebok', 213),
(214, 'John Foos', 214),
(215, 'Fila', 215),
(216, 'Savage', 216),
(217, 'Fila', 217),
(218, 'Puma', 218),
(219, 'Rave', 219),
(220, 'Fila', 220),
(221, 'Rave', 221),
(222, 'John Foos', 222),
(223, 'Puma', 223),
(224, 'Fila', 224),
(225, 'Puma', 225),
(226, 'New Balance', 226),
(227, 'Savage', 227),
(228, 'Savage', 228),
(229, 'Fila', 229),
(230, 'Fila', 230),
(231, 'Isabella', 231),
(232, 'Fila', 232),
(233, 'Puma', 233),
(234, 'Adidas', 234),
(235, 'Nazarena', 235),
(236, 'Savage', 236),
(237, 'John Foos', 237),
(238, 'Isabella', 238),
(239, 'Rave', 239),
(240, 'Rave', 240),
(241, 'Fila', 241),
(242, 'New Balance', 242),
(243, 'Reebok', 243),
(244, 'Isabella', 244),
(245, 'Footy', 245),
(246, 'Fila', 246),
(247, 'New Balance', 247),
(248, 'Footy', 248),
(249, 'Isabella', 249),
(250, 'Puma', 250),
(251, 'Footy', 251),
(252, 'Savage', 252),
(253, 'Rave', 253),
(254, 'Fila', 254),
(255, 'Footy', 255),
(256, 'Footy', 256),
(257, 'Adidas', 257),
(258, 'Isabella', 258),
(259, 'Savage', 259),
(260, 'Rave', 260),
(261, 'Nazarena', 261),
(262, 'Fila', 262),
(263, 'Footy', 263),
(264, 'Footy', 264),
(265, 'Isabella', 265),
(266, 'Isabella', 266),
(267, 'Fila', 267),
(268, 'Footy', 268),
(269, 'Fila', 269),
(270, 'Fila', 270),
(271, 'Footy', 271),
(272, 'Isabella', 272),
(273, 'Footy', 273),
(274, 'Puma', 274),
(275, 'Fila', 275),
(276, 'Puma', 276),
(277, 'Puma', 277),
(278, 'Fila', 278),
(279, 'Nazarena', 279),
(280, 'Savage', 280),
(281, 'Puma', 281),
(282, 'Puma', 282),
(283, 'Puma', 283),
(284, 'Adidas', 284),
(285, 'Adidas', 285),
(286, 'Isabella', 286),
(287, 'New Balance', 287),
(288, 'John Foos', 288),
(289, 'Savage', 289),
(290, 'Fila', 290),
(291, 'Puma', 291),
(292, 'Fila', 292),
(293, 'Savage', 293),
(294, 'Savage', 294),
(295, 'Adidas', 295),
(296, 'Puma', 296),
(297, 'New Balance', 297),
(298, 'Puma', 298),
(299, 'Reebok', 299),
(300, 'Puma', 300),
(301, 'Adidas', 301),
(302, 'John Foos', 302),
(303, 'New Balance', 303),
(304, 'Puma', 304),
(305, 'Puma', 305),
(306, 'Adidas', 306),
(307, 'Adidas', 307),
(308, 'Adidas', 308),
(309, 'John Foos', 309),
(310, 'Adidas', 310),
(311, 'Savage', 311),
(312, 'Footy', 312),
(313, 'Fila', 313),
(314, 'Savage', 314),
(315, 'John Foos', 315),
(316, 'Rave', 316),
(317, 'Puma', 317),
(318, 'Fila', 318),
(319, 'Isabella', 319),
(320, 'John Foos', 320),
(321, 'New Balance', 321),
(322, 'Savage', 322),
(323, 'Adidas', 323),
(324, 'Reebok', 324),
(325, 'Savage', 325),
(326, 'Puma', 326),
(327, 'Reebok', 327),
(328, 'Fila', 328),
(329, 'Nazarena', 329),
(330, 'Puma', 330),
(331, 'Puma', 331),
(332, 'Reebok', 332),
(333, 'Puma', 333),
(334, 'Fila', 334),
(335, 'Footy', 335),
(336, 'Rave', 336),
(337, 'Fila', 337),
(338, 'Fila', 338),
(339, 'Puma', 339),
(340, 'Reebok', 340),
(341, 'Fila', 341),
(342, 'New Balance', 342),
(343, 'Savage', 343),
(344, 'Nazarena', 344),
(345, 'Adidas', 345),
(346, 'New Balance', 346),
(347, 'Nazarena', 347),
(348, 'Isabella', 348),
(349, 'Footy', 349),
(350, 'Adidas', 350),
(351, 'Rave', 351),
(352, 'New Balance', 352),
(353, 'Fila', 353),
(354, 'Puma', 354),
(355, 'Reebok', 355),
(356, 'Reebok', 356),
(357, 'Adidas', 357),
(358, 'Puma', 358),
(359, 'Fila', 359),
(360, 'Rave', 360),
(361, 'Savage', 361),
(362, 'New Balance', 362),
(363, 'Rave', 363),
(364, 'Puma', 364),
(365, 'Fila', 365),
(366, 'Savage', 366),
(367, 'Footy', 367),
(368, 'Adidas', 368),
(369, 'Puma', 369),
(370, 'Fila', 370),
(371, 'Nazarena', 371),
(372, 'Adidas', 372),
(373, 'Fila', 373),
(374, 'Nazarena', 374),
(375, 'Fila', 375),
(376, 'Footy', 376),
(377, 'Reebok', 377),
(378, 'Fila', 378),
(379, 'Savage', 379),
(380, 'Fila', 380),
(381, 'Fila', 381),
(382, 'Nazarena', 382),
(383, 'Rave', 383),
(384, 'New Balance', 384),
(385, 'John Foos', 385),
(386, 'Puma', 386),
(387, 'Nazarena', 387),
(388, 'Savage', 388),
(389, 'Adidas', 389),
(390, 'Adidas', 390),
(391, 'Adidas', 391),
(392, 'Puma', 392),
(393, 'New Balance', 393),
(394, 'Fila', 394),
(395, 'Puma', 395),
(396, 'Adidas', 396),
(397, 'Rave', 397),
(398, 'New Balance', 398),
(399, 'Nazarena', 399),
(400, 'Rave', 400),
(401, 'Isabella', 401),
(402, 'Adidas', 402),
(403, 'Fila', 403),
(404, 'Fila', 404),
(405, 'Nazarena', 405),
(406, 'Puma', 406),
(407, 'Puma', 407),
(408, 'Fila', 408),
(409, 'Reebok', 409),
(410, 'Footy', 410),
(411, 'Savage', 411),
(412, 'Adidas', 412),
(413, 'Puma', 413),
(414, 'Footy', 414),
(415, 'Adidas', 415),
(416, 'John Foos', 416),
(417, 'Adidas', 417),
(418, 'Rave', 418),
(419, 'Fila', 419),
(420, 'Fila', 420),
(421, 'Puma', 421),
(422, 'Puma', 422),
(423, 'Reebok', 423),
(424, 'Puma', 424),
(537, 'John Foos', 2),
(540, 'Other', 5),
(549, 'Topper', 14),
(558, 'Other', 23),
(564, 'Other', 29),
(577, 'John Foos', 456),
(608, '', 484),
(609, '', 485),
(610, 'John Foos', 486),
(611, 'Other', 486),
(612, 'Adidas', 487);

-- --------------------------------------------------------

--
-- Cấu trúc bảng cho bảng `cart_item`
--

CREATE TABLE `cart_item` (
  `id` bigint(20) NOT NULL,
  `qty` int(11) NOT NULL,
  `size` varchar(255) DEFAULT NULL,
  `article_id` bigint(20) DEFAULT NULL,
  `order_id` bigint(20) DEFAULT NULL,
  `user_id` bigint(20) DEFAULT NULL
) ENGINE=MyISAM DEFAULT CHARSET=latin1 COLLATE=latin1_swedish_ci;

--
-- Đang đổ dữ liệu cho bảng `cart_item`
--

INSERT INTO `cart_item` (`id`, `qty`, `size`, `article_id`, `order_id`, `user_id`) VALUES
(1, 1, '43', 422, 398, 3),
(2, 1, '43', 416, 398, 3),
(3, 1, '39', 1, 400, 4),
(4, 1, '40', 1, 402, 5),
(5, 1, '41', 424, 403, 5),
(6, 1, '39', 1, 428, 17),
(7, 1, '39', 1, 431, 18),
(8, 1, '41', 424, 432, 18),
(9, 1, '44', 422, 433, 18),
(10, 1, '41', 2, 434, 18),
(11, 1, '42', 3, 435, 18),
(12, 1, '39', 4, 436, 18),
(13, 1, '38', 8, 437, 18),
(14, 1, '40', 8, 438, 18),
(15, 1, '41', 2, 439, 18),
(16, 1, '38', 8, 440, 18),
(17, 1, '42', 3, 462, 28),
(18, 1, '43', 6, 463, 28),
(19, 2, '42', 3, 464, 28),
(20, 2, '42', 3, 465, 28),
(21, 1, '42', 421, 466, 28),
(22, 1, '39', 416, 467, 28),
(23, 1, '45', 417, 468, 28),
(24, 1, '41', 417, 469, 28),
(25, 1, '42', 412, 470, 28),
(26, 1, '39', 419, 471, 28),
(27, 1, '44', 424, 476, 30),
(28, 1, '38', 423, 477, 30),
(29, 1, '40', 420, 478, 30),
(30, 1, '40', 424, 479, 30),
(31, 1, '40', 424, 480, 30),
(32, 1, '41', 421, 481, 30),
(33, 1, '39', 422, 482, 30),
(34, 1, '45', 421, 483, 30),
(35, 1, '41', 424, 484, 30),
(37, 1, '45', 422, 485, 30),
(38, 1, '44', 424, 486, 30),
(39, 1, '42', 417, 487, 30),
(40, 1, '42', 421, 488, 30),
(41, 1, '38', 423, 489, 30),
(42, 1, '42', 422, 490, 30),
(43, 1, '40', 1, 490, 30),
(44, 1, '43', 423, 491, 30),
(45, 1, '45', 420, 491, 30),
(46, 1, '41', 421, 492, 30),
(47, 1, '42', 417, 492, 30),
(48, 1, '45', 420, 494, 30),
(49, 1, '40', 417, 494, 30),
(50, 1, '40', 422, 495, 30),
(51, 1, '41', 424, 495, 30),
(52, 1, '40', 424, 496, 29),
(53, 1, '41', 421, 496, 29),
(54, 1, '44', 424, 497, 30),
(55, 1, '39', 422, 497, 30),
(56, 1, '38', 424, 498, 30),
(57, 1, '42', 421, 498, 30),
(58, 1, '44', 423, 499, 30),
(59, 1, '38', 420, 499, 30),
(60, 1, '44', 417, 500, 30),
(61, 1, '40', 424, 500, 30),
(62, 1, '39', 423, 501, 30),
(63, 1, '45', 420, 501, 30),
(64, 1, '38', 424, 502, 30),
(65, 1, '45', 422, 502, 30),
(66, 1, '42', 424, 503, 30),
(67, 1, '45', 421, 503, 30),
(68, 1, '44', 418, 504, 30),
(69, 1, '44', 417, 504, 30),
(70, 1, '41', 421, 505, 30),
(71, 1, '41', 417, 505, 30),
(72, 1, '38', 424, 508, 29),
(73, 1, '42', 456, 508, 29),
(74, 1, '38', 424, 509, 29),
(75, 1, '40', 420, 509, 29),
(76, 1, '39', 423, 510, 29),
(77, 1, '44', 418, 510, 29),
(79, 1, '38', 423, 511, 29),
(80, 1, '41', 417, 511, 29),
(81, 1, '45', 417, 512, 29),
(84, 1, '43', 422, 512, 29),
(85, 1, '41', 2, 513, 29),
(86, 1, '40', 420, 513, 29),
(87, 1, '42', 11, 514, 29),
(88, 1, '45', 419, 514, 29),
(89, 1, '44', 414, 515, 29),
(90, 1, '40', 410, 515, 29),
(91, 1, '42', 415, 516, 29),
(92, 1, '38', 9, 516, 29),
(93, 1, '40', 10, 517, 29),
(94, 1, '41', 418, 517, 29),
(95, 1, '44', 416, 518, 29),
(96, 1, '45', 413, 518, 29),
(97, 1, '43', 402, 519, 29),
(98, 1, '42', 415, 519, 29),
(99, 1, '42', 412, 520, 29),
(100, 1, '40', 402, 520, 29),
(101, 1, '42', 416, 521, 29),
(102, 1, '40', 419, 521, 29),
(103, 1, '41', 414, 522, 29),
(104, 1, '41', 421, 522, 29),
(105, 1, '40', 417, 523, 29),
(106, 1, '44', 423, 523, 29),
(107, 1, '39', 422, 524, 29),
(108, 1, '43', 417, 524, 29),
(109, 1, '40', 420, 525, 29),
(110, 1, '42', 419, 525, 29),
(111, 1, '41', 421, 526, 29),
(112, 1, '45', 417, 526, 29),
(113, 1, '41', 421, 527, 29),
(114, 1, '42', 419, 527, 29),
(115, 1, '45', 409, 528, 29),
(116, 1, '40', 419, 528, 29),
(117, 1, '45', 423, 529, 29),
(118, 1, '45', 417, 529, 29),
(119, 1, '38', 9, 530, 29),
(120, 1, '42', 419, 530, 29),
(121, 1, '45', 417, 531, 29),
(122, 1, '40', 423, 531, 29),
(123, 1, '42', 423, 532, 29),
(124, 1, '40', 417, 532, 29),
(125, 1, '42', 417, 533, 29),
(126, 1, '39', 423, 533, 29),
(127, 1, '45', 423, 534, 29),
(128, 1, '45', 417, 534, 29),
(129, 1, '42', 423, 535, 29),
(130, 1, '44', 417, 535, 29),
(131, 1, '41', 423, 536, 29),
(132, 1, '41', 417, 536, 29),
(133, 1, '42', 415, 537, 29),
(134, 1, '45', 413, 537, 29),
(142, 1, '44', 417, 538, 29),
(143, 1, '39', 11, 539, 29),
(144, 1, '40', 8, 540, 29),
(145, 1, '40', 408, 541, 29),
(146, 1, '42', 412, 542, 29),
(147, 1, '45', 408, 543, 29),
(148, 1, '41', 417, 544, 29),
(149, 1, '42', 417, 545, 29),
(150, 1, '45', 413, 546, 29),
(151, 1, '40', 409, 547, 29),
(152, 1, '44', 411, 548, 29),
(153, 1, '45', 408, 549, 29),
(154, 1, '41', 417, 550, 29),
(155, 1, '41', 2, 551, 29),
(156, 1, '42', 4, 551, 29),
(157, 1, '42', 456, 552, 29);

-- --------------------------------------------------------

--
-- Cấu trúc bảng cho bảng `category`
--

CREATE TABLE `category` (
  `id` bigint(20) NOT NULL,
  `name` varchar(255) DEFAULT NULL,
  `article_id` bigint(20) DEFAULT NULL
) ENGINE=MyISAM DEFAULT CHARSET=latin1 COLLATE=latin1_swedish_ci;

--
-- Đang đổ dữ liệu cho bảng `category`
--

INSERT INTO `category` (`id`, `name`, `article_id`) VALUES
(526, 'Urbano', 3),
(527, 'Urbano', 4),
(528, 'Urbano', 5),
(529, 'Urbano', 6),
(530, 'Urbano', 7),
(531, 'Deportivo', 8),
(533, 'Other', 10),
(534, 'Other', 11),
(535, 'Other', 12),
(555, 'Other', 42),
(537, 'Deportivo', 14),
(539, 'Urbano', 16),
(540, 'Deportivo', 17),
(542, 'Deportivo', 19),
(543, 'Other', 20),
(544, 'Deportivo', 21),
(546, 'Other', 23),
(547, 'Deportivo', 24),
(549, 'Other', 26),
(550, 'Other', 27),
(551, 'Other', 28),
(552, 'Other', 29),
(553, 'Other', 30),
(554, 'Other', 41),
(521, 'Other', 31),
(522, 'Deportivo', 32),
(523, 'Urbano', 33),
(524, 'Urbano', 1),
(34, 'Urbano', 34),
(35, 'Deportivo', 35),
(36, 'Urbano', 36),
(37, 'Other', 37),
(38, 'Other', 38),
(39, 'Other', 39),
(40, 'Other', 40),
(556, 'Urbano', 43),
(557, 'Deportivo', 44),
(559, 'Other', 46),
(560, 'Other', 47),
(561, 'Deportivo', 48),
(564, 'Deportivo', 456),
(563, 'Deportivo', 49),
(536, 'Other', 13),
(51, 'Urbano', 51),
(52, 'Urbano', 52),
(53, 'Other', 53),
(54, 'Deportivo', 54),
(55, 'Deportivo', 55),
(56, 'Deportivo', 56),
(57, 'Urbano', 57),
(58, 'Other', 58),
(59, 'Deportivo', 59),
(60, 'Other', 60),
(61, 'Other', 61),
(62, 'Other', 62),
(63, 'Other', 63),
(64, 'Other', 64),
(65, 'Urbano', 65),
(66, 'Deportivo', 66),
(67, 'Urbano', 67),
(68, 'Other', 68),
(69, 'Urbano', 69),
(70, 'Other', 70),
(71, 'Other', 71),
(72, 'Urbano', 72),
(73, 'Other', 73),
(74, 'Urbano', 74),
(75, 'Other', 75),
(76, 'Other', 76),
(77, 'Deportivo', 77),
(78, 'Urbano', 78),
(79, 'Other', 79),
(80, 'Deportivo', 80),
(81, 'Other', 81),
(82, 'Other', 82),
(83, 'Deportivo', 83),
(84, 'Other', 84),
(85, 'Other', 85),
(86, 'Other', 86),
(87, 'Urbano', 87),
(88, 'Urbano', 88),
(89, 'Deportivo', 89),
(90, 'Other', 90),
(91, 'Urbano', 91),
(92, 'Other', 92),
(93, 'Deportivo', 93),
(94, 'Urbano', 94),
(95, 'Other', 95),
(96, 'Urbano', 96),
(97, 'Other', 97),
(98, 'Deportivo', 98),
(99, 'Deportivo', 99),
(100, 'Deportivo', 100),
(101, 'Deportivo', 101),
(102, 'Urbano', 102),
(103, 'Deportivo', 103),
(104, 'Other', 104),
(105, 'Deportivo', 105),
(106, 'Other', 106),
(107, 'Deportivo', 107),
(108, 'Deportivo', 108),
(109, 'Urbano', 109),
(110, 'Urbano', 110),
(111, 'Urbano', 111),
(112, 'Deportivo', 112),
(113, 'Urbano', 113),
(114, 'Deportivo', 114),
(115, 'Deportivo', 115),
(116, 'Deportivo', 116),
(117, 'Deportivo', 117),
(118, 'Other', 118),
(119, 'Other', 119),
(120, 'Deportivo', 120),
(121, 'Deportivo', 121),
(122, 'Deportivo', 122),
(123, 'Deportivo', 123),
(124, 'Other', 124),
(125, 'Urbano', 125),
(126, 'Other', 126),
(127, 'Deportivo', 127),
(128, 'Urbano', 128),
(129, 'Other', 129),
(130, 'Urbano', 130),
(131, 'Urbano', 131),
(132, 'Deportivo', 132),
(133, 'Urbano', 133),
(134, 'Urbano', 134),
(135, 'Urbano', 135),
(136, 'Deportivo', 136),
(137, 'Urbano', 137),
(138, 'Deportivo', 138),
(139, 'Deportivo', 139),
(140, 'Other', 140),
(141, 'Other', 141),
(142, 'Deportivo', 142),
(143, 'Other', 143),
(144, 'Urbano', 144),
(145, 'Urbano', 145),
(146, 'Urbano', 146),
(147, 'Other', 147),
(148, 'Deportivo', 148),
(149, 'Urbano', 149),
(150, 'Other', 150),
(151, 'Deportivo', 151),
(152, 'Urbano', 152),
(153, 'Urbano', 153),
(154, 'Deportivo', 154),
(155, 'Other', 155),
(156, 'Deportivo', 156),
(157, 'Urbano', 157),
(158, 'Urbano', 158),
(159, 'Urbano', 159),
(160, 'Other', 160),
(161, 'Urbano', 161),
(162, 'Other', 162),
(163, 'Deportivo', 163),
(164, 'Other', 164),
(165, 'Other', 165),
(166, 'Urbano', 166),
(167, 'Deportivo', 167),
(168, 'Deportivo', 168),
(169, 'Urbano', 169),
(170, 'Other', 170),
(171, 'Other', 171),
(172, 'Deportivo', 172),
(173, 'Urbano', 173),
(174, 'Other', 174),
(175, 'Other', 175),
(176, 'Urbano', 176),
(177, 'Other', 177),
(178, 'Other', 178),
(179, 'Other', 179),
(180, 'Urbano', 180),
(181, 'Other', 181),
(182, 'Deportivo', 182),
(183, 'Urbano', 183),
(184, 'Other', 184),
(185, 'Other', 185),
(186, 'Urbano', 186),
(187, 'Urbano', 187),
(188, 'Other', 188),
(189, 'Urbano', 189),
(190, 'Other', 190),
(191, 'Other', 191),
(192, 'Other', 192),
(193, 'Other', 193),
(194, 'Other', 194),
(195, 'Urbano', 195),
(196, 'Urbano', 196),
(197, 'Deportivo', 197),
(198, 'Urbano', 198),
(199, 'Other', 199),
(200, 'Other', 200),
(201, 'Deportivo', 201),
(202, 'Other', 202),
(203, 'Deportivo', 203),
(204, 'Other', 204),
(205, 'Other', 205),
(206, 'Other', 206),
(207, 'Other', 207),
(208, 'Other', 208),
(209, 'Other', 209),
(210, 'Urbano', 210),
(211, 'Other', 211),
(212, 'Urbano', 212),
(213, 'Other', 213),
(214, 'Other', 214),
(215, 'Deportivo', 215),
(216, 'Urbano', 216),
(217, 'Other', 217),
(218, 'Other', 218),
(219, 'Other', 219),
(220, 'Deportivo', 220),
(221, 'Urbano', 221),
(222, 'Other', 222),
(223, 'Other', 223),
(224, 'Other', 224),
(225, 'Other', 225),
(226, 'Other', 226),
(227, 'Other', 227),
(228, 'Other', 228),
(229, 'Other', 229),
(230, 'Deportivo', 230),
(231, 'Other', 231),
(232, 'Other', 232),
(233, 'Other', 233),
(234, 'Other', 234),
(235, 'Other', 235),
(236, 'Other', 236),
(237, 'Other', 237),
(238, 'Other', 238),
(239, 'Other', 239),
(240, 'Other', 240),
(241, 'Other', 241),
(242, 'Other', 242),
(243, 'Deportivo', 243),
(244, 'Other', 244),
(245, 'Other', 245),
(246, 'Other', 246),
(247, 'Other', 247),
(248, 'Other', 248),
(249, 'Other', 249),
(250, 'Other', 250),
(251, 'Other', 251),
(252, 'Other', 252),
(253, 'Urbano', 253),
(254, 'Deportivo', 254),
(255, 'Other', 255),
(256, 'Other', 256),
(257, 'Urbano', 257),
(258, 'Other', 258),
(259, 'Other', 259),
(260, 'Other', 260),
(261, 'Other', 261),
(262, 'Other', 262),
(263, 'Other', 263),
(264, 'Other', 264),
(265, 'Other', 265),
(266, 'Other', 266),
(267, 'Deportivo', 267),
(268, 'Other', 268),
(269, 'Other', 269),
(270, 'Other', 270),
(271, 'Other', 271),
(272, 'Other', 272),
(273, 'Other', 273),
(274, 'Other', 274),
(275, 'Other', 275),
(276, 'Other', 276),
(277, 'Other', 277),
(278, 'Other', 278),
(279, 'Other', 279),
(280, 'Other', 280),
(281, 'Urbano', 281),
(282, 'Urbano', 282),
(283, 'Other', 283),
(284, 'Urbano', 284),
(285, 'Deportivo', 285),
(286, 'Other', 286),
(287, 'Urbano', 287),
(288, 'Urbano', 288),
(289, 'Other', 289),
(290, 'Deportivo', 290),
(291, 'Deportivo', 291),
(292, 'Deportivo', 292),
(293, 'Other', 293),
(294, 'Urbano', 294),
(295, 'Deportivo', 295),
(296, 'Urbano', 296),
(297, 'Other', 297),
(298, 'Other', 298),
(299, 'Urbano', 299),
(300, 'Deportivo', 300),
(301, 'Urbano', 301),
(302, 'Urbano', 302),
(303, 'Deportivo', 303),
(304, 'Deportivo', 304),
(305, 'Urbano', 305),
(306, 'Urbano', 306),
(307, 'Deportivo', 307),
(308, 'Other', 308),
(309, 'Urbano', 309),
(310, 'Other', 310),
(311, 'Other', 311),
(312, 'Urbano', 312),
(313, 'Other', 313),
(314, 'Urbano', 314),
(315, 'Other', 315),
(316, 'Other', 316),
(317, 'Other', 317),
(318, 'Other', 318),
(319, 'Other', 319),
(320, 'Urbano', 320),
(321, 'Urbano', 321),
(322, 'Other', 322),
(323, 'Urbano', 323),
(324, 'Other', 324),
(325, 'Urbano', 325),
(326, 'Other', 326),
(327, 'Other', 327),
(328, 'Deportivo', 328),
(329, 'Other', 329),
(330, 'Other', 330),
(331, 'Other', 331),
(332, 'Other', 332),
(333, 'Other', 333),
(334, 'Deportivo', 334),
(335, 'Urbano', 335),
(336, 'Other', 336),
(337, 'Deportivo', 337),
(338, 'Other', 338),
(339, 'Other', 339),
(340, 'Deportivo', 340),
(341, 'Other', 341),
(342, 'Urbano', 342),
(343, 'Urbano', 343),
(344, 'Other', 344),
(345, 'Urbano', 345),
(346, 'Other', 346),
(347, 'Other', 347),
(348, 'Other', 348),
(349, 'Other', 349),
(350, 'Urbano', 350),
(351, 'Urbano', 351),
(352, 'Urbano', 352),
(353, 'Other', 353),
(354, 'Other', 354),
(355, 'Other', 355),
(356, 'Deportivo', 356),
(357, 'Deportivo', 357),
(358, 'Urbano', 358),
(359, 'Other', 359),
(360, 'Urbano', 360),
(361, 'Other', 361),
(362, 'Urbano', 362),
(363, 'Urbano', 363),
(364, 'Other', 364),
(365, 'Deportivo', 365),
(366, 'Other', 366),
(367, 'Urbano', 367),
(368, 'Deportivo', 368),
(369, 'Other', 369),
(370, 'Other', 370),
(371, 'Other', 371),
(372, 'Other', 372),
(373, 'Deportivo', 373),
(374, 'Other', 374),
(375, 'Deportivo', 375),
(376, 'Urbano', 376),
(377, 'Other', 377),
(378, 'Deportivo', 378),
(379, 'Urbano', 379),
(380, 'Deportivo', 380),
(381, 'Other', 381),
(382, 'Other', 382),
(383, 'Deportivo', 383),
(384, 'Urbano', 384),
(385, 'Deportivo', 385),
(386, 'Deportivo', 386),
(387, 'Other', 387),
(388, 'Other', 388),
(389, 'Urbano', 389),
(390, 'Other', 390),
(391, 'Urbano', 391),
(392, 'Deportivo', 392),
(393, 'Urbano', 393),
(394, 'Deportivo', 394),
(395, 'Deportivo', 395),
(396, 'Urbano', 396),
(397, 'Deportivo', 397),
(398, 'Other', 398),
(399, 'Other', 399),
(400, 'Urbano', 400),
(401, 'Other', 401),
(402, 'Urbano', 402),
(403, 'Deportivo', 403),
(404, 'Deportivo', 404),
(405, 'Other', 405),
(406, 'Deportivo', 406),
(407, 'Urbano', 407),
(408, 'Deportivo', 408),
(409, 'Deportivo', 409),
(410, 'Other', 410),
(411, 'Other', 411),
(412, 'Deportivo', 412),
(413, 'Other', 413),
(414, 'Urbano', 414),
(415, 'Other', 415),
(416, 'Urbano', 416),
(417, 'Urbano', 417),
(418, 'Other', 418),
(419, 'Deportivo', 419),
(420, 'Deportivo', 420),
(421, 'Urbano', 421),
(422, 'Deportivo', 422),
(423, 'Deportivo', 423),
(424, 'Deportivo', 424),
(525, 'Urbano', 2),
(532, 'Deportivo', 9),
(558, 'Other', 45),
(562, 'Other', 50),
(538, 'Other', 15),
(541, 'Deportivo', 18),
(545, 'Urbano', 22),
(548, 'Other', 25),
(565, 'Other', 456),
(596, '', 484),
(597, '', 485),
(598, 'Urbano', 486),
(599, 'Deportivo', 487);

-- --------------------------------------------------------

--
-- Cấu trúc bảng cho bảng `confirmation_token`
--

CREATE TABLE `confirmation_token` (
  `token_id` bigint(20) NOT NULL,
  `confirmation_token` varchar(255) DEFAULT NULL,
  `created_date` datetime DEFAULT NULL,
  `id` bigint(20) NOT NULL
) ENGINE=MyISAM DEFAULT CHARSET=utf8mb4 COLLATE=utf8mb4_general_ci;

--
-- Đang đổ dữ liệu cho bảng `confirmation_token`
--

INSERT INTO `confirmation_token` (`token_id`, `confirmation_token`, `created_date`, `id`) VALUES
(405, 'bde0202a-e525-4616-9212-bf94aa943650', '2023-03-24 20:19:24', 6),
(407, '8e7c6ac8-0490-4150-a99d-9703973aea1c', '2023-03-24 20:41:07', 7),
(409, '1695f302-5a2d-45bf-85b5-79bcac508256', '2023-03-24 21:01:30', 8),
(411, '63d9361c-bcdb-4744-aff1-ba7b78913076', '2023-03-24 21:15:25', 9),
(413, '757b80ef-f71d-49d2-ab0e-0be8f73c4efa', '2023-03-24 21:47:20', 10),
(415, '77252422-a2fb-43f1-8281-40259663f5c7', '2023-03-24 21:49:44', 11),
(417, 'd21462d5-1372-4c94-a6d2-42760c5b28ba', '2023-03-24 21:52:19', 12),
(419, '8617c671-3eff-4de8-82f9-0e5dae56dd83', '2023-03-24 21:55:10', 13),
(421, '710eeb43-a00c-46c4-90cd-fe5a7061f99d', '2023-03-24 21:57:08', 14),
(423, 'fd6f8e57-dc6d-4775-ae26-d395da88172f', '2023-03-24 21:59:22', 15),
(425, '59a43af8-f8c3-4160-9b8f-1dd2544c2818', '2023-03-24 22:06:08', 16),
(427, 'cd6d3b37-573d-405f-aa7f-f07cdb306847', '2023-03-24 22:11:16', 17),
(430, '8cb477bf-fdb0-443b-aa33-b3f694c9772e', '2023-03-24 22:20:27', 18),
(442, '37219e0b-77fa-493c-ac64-c665e36833a3', '2023-03-24 23:52:41', 19),
(445, 'cb2784ea-a351-4207-b173-d786d0bc967b', '2023-03-25 00:36:11', 20),
(447, 'e7628b5d-0b84-40a2-9256-8bea5e11f206', '2023-03-25 00:40:03', 21),
(449, '829bc495-a039-458d-a2ec-0f6cb54c9f33', '2023-03-25 00:48:23', 22),
(451, 'a86da74a-a7d7-4678-8590-353d727f8d15', '2023-03-25 00:49:29', 23),
(453, '408a7d88-7404-4084-be5b-23cff8979c52', '2023-03-25 00:52:20', 24),
(455, 'c690bd1e-9878-4bb3-882a-01005290c9c8', '2023-03-25 00:56:58', 25),
(457, '3e21b864-96be-495e-8e4f-b8d05a644e98', '2023-03-25 00:59:29', 26),
(459, 'fb1a21eb-52d3-4772-88d1-1af34a56e5ef', '2023-03-25 01:01:15', 27),
(461, '58cdc53c-4356-42b7-9260-0f9145415a6f', '2023-03-25 01:04:49', 28),
(473, '0488c57e-6804-4625-9a77-59cf504341bf', '2023-03-25 22:55:37', 29),
(475, 'eebea5cd-e0cc-4054-99e5-7b553d088dfc', '2023-03-28 01:55:46', 30),
(507, '4fa71b22-8677-45f1-9b64-cbaaa9ffedd7', '2023-03-29 01:24:18', 31);

-- --------------------------------------------------------

--
-- Cấu trúc bảng cho bảng `hibernate_sequence`
--

CREATE TABLE `hibernate_sequence` (
  `next_val` bigint(20) DEFAULT NULL
) ENGINE=MyISAM DEFAULT CHARSET=latin1 COLLATE=latin1_swedish_ci;

--
-- Đang đổ dữ liệu cho bảng `hibernate_sequence`
--

INSERT INTO `hibernate_sequence` (`next_val`) VALUES
(553);

-- --------------------------------------------------------

--
-- Cấu trúc bảng cho bảng `payment`
--

CREATE TABLE `payment` (
  `id` bigint(20) NOT NULL,
  `card_name` varchar(255) DEFAULT NULL,
  `card_number` varchar(255) DEFAULT NULL,
  `cvc` int(11) NOT NULL,
  `expiry_month` int(11) NOT NULL,
  `expiry_year` int(11) NOT NULL,
  `holder_name` varchar(255) DEFAULT NULL,
  `type` varchar(255) DEFAULT NULL,
  `order_id` bigint(20) DEFAULT NULL
) ENGINE=MyISAM DEFAULT CHARSET=latin1 COLLATE=latin1_swedish_ci;

--
-- Đang đổ dữ liệu cho bảng `payment`
--

INSERT INTO `payment` (`id`, `card_name`, `card_number`, `cvc`, `expiry_month`, `expiry_year`, `holder_name`, `type`, `order_id`) VALUES
(1, NULL, '123121412414124', 343, 8, 2024, 'Testy Testa', 'visa', 398),
(2, NULL, '015423', 1234, 3, 2023, 'giang nguyen', 'mastercard', 400),
(3, NULL, '033333', 123, 3, 2023, 'giang nguyen', 'mastercard', 402),
(4, NULL, '0345454', 314, 3, 2023, 'adsasdsa', 'mastercard', 403),
(5, NULL, '0112121212', 123, 3, 2023, 'adsasdsa', 'mastercard', 428),
(6, NULL, '02488452', 34665, 3, 2023, 'adsasdsa', 'mastercard', 431),
(7, NULL, '03264542', 21545, 3, 2023, 'adsasdsa', 'mastercard', 432),
(8, NULL, '027845212', 1215452, 3, 2023, 'adsasdsa', 'mastercard', 433),
(9, NULL, '0215452', 21213, 3, 2023, 'adsasdsa', 'mastercard', 434),
(10, NULL, '0154551', 113230, 3, 2023, 'adsasdsa', 'mastercard', 435),
(11, NULL, '102151', 220115, 3, 2023, 'adsasdsa', 'mastercard', 436),
(12, NULL, '54878451', 123, 3, 2023, 'adsasdsa', 'mastercard', 437),
(13, NULL, '024541521', 354, 3, 2023, 'aqqqqqq', 'mastercard', 438),
(14, NULL, '024545', 21545, 3, 2023, 'adsasdsa', 'mastercard', 439),
(15, NULL, '0248451', 2151, 3, 2023, 'adsasdsa', 'mastercard', 440),
(16, NULL, '054545', 545, 3, 2023, 'adsasdsa', 'mastercard', 462),
(17, NULL, '215120', 212, 3, 2023, 'aqqqqqq', 'mastercard', 463),
(18, NULL, '0315415', 1236, 3, 2023, 'giang nguyen', 'mastercard', 464),
(19, NULL, '024545', 12120, 3, 2023, 'adsasdsa', 'mastercard', 465),
(20, NULL, '03465', 21545, 3, 2023, 'adsasdsa', 'mastercard', 466),
(21, NULL, '02154', 154, 3, 2023, 'adsasdsa', 'mastercard', 467),
(22, NULL, '024543', 2154, 3, 2023, 'adsasdsa', 'mastercard', 468),
(23, NULL, '575757', 2121, 3, 2023, 'adsasdsa', 'mastercard', 469),
(24, NULL, '021452', 477484, 3, 2023, 'adsasdsa', 'mastercard', 470),
(25, NULL, '024545', 1545, 3, 2023, 'adsasdsa', 'mastercard', 471),
(26, NULL, '0514848', 1245, 3, 2023, 'adsasdsa', 'mastercard', 476),
(27, NULL, '0144787', 154, 3, 2023, 'adsasdsa', 'mastercard', 477),
(28, NULL, '04812', 2154, 3, 2023, 'aqqqqqq', 'mastercard', 478),
(29, NULL, '054845', 2154, 3, 2023, 'adsasdsa', 'mastercard', 479),
(30, NULL, '045452', 545452, 3, 2023, 'adsasdsa', 'mastercard', 480),
(31, NULL, '08785', 21545, 3, 2023, 'adsasdsa', 'mastercard', 481),
(32, NULL, '123123', 123123, 3, 2023, 'adsasdsa', 'mastercard', 482),
(33, NULL, '02154845', 12313, 3, 2023, 'adsasdsa', 'mastercard', 483),
(34, NULL, '0154', 245, 3, 2023, 'adsasdsa', 'mastercard', 484),
(35, NULL, '12312', 123, 3, 2023, 'adsasdsa', 'mastercard', 485),
(36, NULL, '02187', 21312, 3, 2023, 'adsasdsa', 'mastercard', 486),
(37, NULL, '021548', 224, 3, 2023, 'adsasdsa', 'mastercard', 487),
(38, NULL, '024545', 545, 3, 2023, 'adsasdsa', 'mastercard', 488),
(39, NULL, '05155225', 15, 3, 2023, 'adsasdsa', 'visa', 489),
(40, NULL, '05154', 2545, 3, 2023, 'adsasdsa', 'mastercard', 490),
(41, NULL, '02155', 2154, 3, 2023, 'adsasdsa', 'mastercard', 491),
(42, NULL, '021545', 254, 3, 2023, 'adsasdsa', 'mastercard', 492),
(43, NULL, '03112', 21212, 3, 2023, 'adsasdsa', 'mastercard', 494),
(44, NULL, '123123', 12312, 3, 2023, 'adsasdsa', 'mastercard', 495),
(45, NULL, '2342342', 23423, 3, 2023, 'adsasdsa', 'mastercard', 496),
(46, NULL, '1231231', 12312, 3, 2023, 'adsasdsa', 'mastercard', 497),
(47, NULL, '12312', 12312, 3, 2023, 'adsasdsa', 'mastercard', 498),
(48, NULL, '12312', 3131, 3, 2023, 'adsasdsa', 'mastercard', 499),
(49, NULL, '123123', 21321, 3, 2023, 'adsasdsa', 'mastercard', 500),
(50, NULL, '123123', 123123, 3, 2023, 'adsasdsa', 'mastercard', 501),
(51, NULL, '212313', 12313, 3, 2023, 'adsasdsa', 'mastercard', 502),
(52, NULL, '123123', 1231, 3, 2023, 'adsasdsa', 'mastercard', 503),
(53, NULL, '1231312', 1231, 3, 2023, 'adsasdsa', 'mastercard', 504),
(54, NULL, '123123', 123123, 3, 2023, 'adsasdsa', 'mastercard', 505),
(55, NULL, '12312', 12312, 3, 2023, 'adsasdsa', 'mastercard', 508),
(56, NULL, '123121', 12312321, 3, 2023, 'adsasdsa', 'mastercard', 509),
(57, NULL, '054545', 12312, 3, 2023, 'adsasdsa', 'mastercard', 510),
(58, NULL, '213123', 123123, 3, 2023, 'adsasdsa', 'mastercard', 511),
(59, NULL, '021252', 21, 3, 2023, 'adsasdsa', 'mastercard', 512),
(60, NULL, '21152', 212, 3, 2023, 'adsasdsa', 'mastercard', 513),
(61, NULL, '234232', 2432, 3, 2023, 'adsasdsa', 'mastercard', 514),
(62, NULL, '3123', 435, 3, 2023, 'adsasdsa', 'mastercard', 515),
(63, NULL, '42342', 23423, 3, 2023, 'adsasdsa', 'mastercard', 516),
(64, NULL, '2131', 24234, 3, 2023, 'adsasdsa', 'visa', 517),
(65, NULL, '123123', 12312, 3, 2023, 'adsasdsa', 'mastercard', 518),
(66, NULL, '12313', 123123, 3, 2023, 'adsasdsa', 'mastercard', 519),
(67, NULL, '123123', 123123, 3, 2023, 'adsasdsa', 'mastercard', 520),
(68, NULL, '312313', 123132, 3, 2023, 'adsasdsa', 'mastercard', 521),
(69, NULL, '1213', 12312, 3, 2023, 'adsasdsa', 'mastercard', 522),
(70, NULL, '12312', 13213, 3, 2023, 'adsasdsa', 'mastercard', 523),
(71, NULL, '23123', 12312, 3, 2023, 'adsasdsa', 'mastercard', 524),
(72, NULL, '23123', 1231, 3, 2023, 'adsasdsa', 'mastercard', 525),
(73, NULL, '1213', 123123, 3, 2023, 'adsasdsa', 'mastercard', 526),
(74, NULL, '123123', 123123, 3, 2023, 'adsasdsa', 'mastercard', 527),
(75, NULL, '123123', 123123, 3, 2023, 'adsasdsa', 'mastercard', 528),
(76, NULL, '123123', 123123, 3, 2023, 'adsasdsa', 'mastercard', 529),
(77, NULL, '123123', 123123, 3, 2023, 'adsasdsa', 'mastercard', 530),
(78, NULL, '1231', 12313, 3, 2023, 'adsasdsa', 'mastercard', 531),
(79, NULL, '3213', 12313, 3, 2023, 'adsasdsa', 'mastercard', 532),
(80, NULL, '13213', 123123, 3, 2023, 'adsasdsa', 'mastercard', 533),
(81, NULL, '123123', 1212, 3, 2023, 'adsasdsa', 'mastercard', 534),
(82, NULL, '1231231', 3123, 3, 2023, 'adsasdsa', 'mastercard', 535),
(83, NULL, '12312', 12313, 3, 2023, 'adsasdsa', 'mastercard', 536),
(84, NULL, '21313', 123213, 3, 2023, 'adsasdsa', 'mastercard', 537),
(85, NULL, '123123', 1123, 4, 2023, 'adsasdsa', 'mastercard', 538),
(86, NULL, '112312', 1231321, 4, 2023, 'adsasdsa', 'mastercard', 539),
(87, NULL, '123132', 1321, 4, 2023, 'adsasdsa', 'mastercard', 540),
(88, NULL, '132312', 123123, 4, 2023, 'adsasdsa', 'visa', 541),
(89, NULL, '121231', 12313, 4, 2023, 'adsasdsa', 'mastercard', 542),
(90, NULL, '13132', 13123, 4, 2023, 'adsasdsa', 'mastercard', 543),
(91, NULL, '32131', 1231, 4, 2023, 'adsasdsa', 'mastercard', 544),
(92, NULL, '12321', 12312, 4, 2023, 'adsasdsa', 'mastercard', 545),
(93, NULL, '2342', 24234, 4, 2023, 'adsasdsa', 'mastercard', 546),
(94, NULL, '23234', 23423, 4, 2023, 'giang nguyen', 'mastercard', 547),
(95, NULL, '12312', 12123, 4, 2023, 'adsasdsa', 'mastercard', 548),
(96, NULL, '34242', 23324, 4, 2023, 'adsasdsa', 'mastercard', 549),
(97, NULL, '12312312', 123123, 4, 2023, 'adsasdsa', 'mastercard', 550),
(98, NULL, '121213132', 1231231, 5, 2023, 'adsasdsa', 'mastercard', 551),
(99, NULL, '0125445', 2154545, 5, 2023, 'adsasdsa', 'mastercard', 552);

-- --------------------------------------------------------

--
-- Cấu trúc bảng cho bảng `role`
--

CREATE TABLE `role` (
  `role_id` bigint(20) NOT NULL,
  `name` varchar(255) DEFAULT NULL
) ENGINE=MyISAM DEFAULT CHARSET=latin1 COLLATE=latin1_swedish_ci;

--
-- Đang đổ dữ liệu cho bảng `role`
--

INSERT INTO `role` (`role_id`, `name`) VALUES
(1, 'ROLE_USER'),
(2, 'ROLE_ADMIN');

-- --------------------------------------------------------

--
-- Cấu trúc bảng cho bảng `shipping`
--

CREATE TABLE `shipping` (
  `id` bigint(20) NOT NULL,
  `receiver` varchar(255) DEFAULT NULL,
  `address_id` bigint(20) DEFAULT NULL,
  `order_id` bigint(20) DEFAULT NULL
) ENGINE=MyISAM DEFAULT CHARSET=latin1 COLLATE=latin1_swedish_ci;

--
-- Đang đổ dữ liệu cho bảng `shipping`
--

INSERT INTO `shipping` (`id`, `receiver`, `address_id`, `order_id`) VALUES
(1, 'Testy Testa', 3, 398),
(2, 'giang nguyen', 4, 400),
(3, 'giang nguyen', 5, 402),
(4, 'giang nguyen', 6, 403),
(5, 'giang nguyen', 7, 428),
(6, 'giang nguyen', 8, 431),
(7, 'giang nguyen', 9, 432),
(8, 'giang nguyen', 10, 433),
(9, 'giang nguyen', 11, 434),
(10, 'giang nguyen', 12, 435),
(11, 'giang nguyen', 13, 436),
(12, 'giang nguyen', 14, 437),
(13, 'giang nguyen', 15, 438),
(14, 'giang nguyen', 16, 439),
(15, 'giang nguyen', 17, 440),
(16, 'giang nguyen', 18, 462),
(17, 'giang nguyen', 19, 463),
(18, 'giang nguyen', 20, 464),
(19, 'giang nguyen', 21, 465),
(20, 'giang nguyen', 22, 466),
(21, 'giang nguyen', 23, 467),
(22, 'giang nguyen', 24, 468),
(23, 'giang nguyen', 25, 469),
(24, 'giang nguyen', 26, 470),
(25, 'giang nguyen', 27, 471),
(26, 'giang nguyen', 28, 476),
(27, 'giang nguyen', 29, 477),
(28, 'giang nguyen', 30, 478),
(29, 'giang nguyen', 31, 479),
(30, 'giang nguyen', 32, 480),
(31, 'aaaaaaa', 33, 481),
(32, 'giang nguyen', 34, 482),
(33, 'giang nguyen', 35, 483),
(34, 'giang nguyen', 36, 484),
(35, 'giang nguyen', 37, 485),
(36, 'giang nguyen', 38, 486),
(37, 'giang nguyen', 39, 487),
(38, 'giang nguyen', 40, 488),
(39, 'giang nguyen', 41, 489),
(40, 'giang nguyen', 42, 490),
(41, 'giang nguyen', 43, 491),
(42, 'giang nguyen', 44, 492),
(43, 'aaaaaaa', 45, 494),
(44, 'giang nguyen', 46, 495),
(45, 'giang nguyen', 47, 496),
(46, 'giang nguyen', 48, 497),
(47, 'giang nguyen', 49, 498),
(48, 'giang nguyen', 50, 499),
(49, 'giang nguyen', 51, 500),
(50, 'giang nguyen', 52, 501),
(51, 'giang nguyen', 53, 502),
(52, 'giang nguyen', 54, 503),
(53, 'aaaaaaa', 55, 504),
(54, 'giang nguyen', 56, 505),
(55, 'giang nguyen', 57, 508),
(56, 'giang nguyen', 58, 509),
(57, 'giang nguyen', 59, 510),
(58, 'giang nguyen', 60, 511),
(59, 'giang nguyen', 61, 512),
(60, 'giang nguyen', 62, 513),
(61, 'giang nguyen', 63, 514),
(62, 'giang nguyen', 64, 515),
(63, 'giang nguyen', 65, 516),
(64, 'giang nguyen', 66, 517),
(65, 'giang nguyen', 67, 518),
(66, 'giang nguyen', 68, 519),
(67, 'giang nguyen', 69, 520),
(68, 'giang nguyen', 70, 521),
(69, 'giang nguyen', 71, 522),
(70, 'giang nguyen', 72, 523),
(71, 'giang nguyen', 73, 524),
(72, 'giang nguyen', 74, 525),
(73, 'giang nguyen', 75, 526),
(74, 'giang nguyen', 76, 527),
(75, 'giang nguyen', 77, 528),
(76, 'giang nguyen', 78, 529),
(77, 'giang nguyen', 79, 530),
(78, 'giang nguyen', 80, 531),
(79, 'giang nguyen', 81, 532),
(80, 'giang nguyen', 82, 533),
(81, 'giang nguyen', 83, 534),
(82, 'giang nguyen', 84, 535),
(83, 'giang nguyen', 85, 536),
(84, 'giang nguyen', 86, 537),
(85, 'giang nguyen', 87, 538),
(86, 'giang nguyen', 88, 539),
(87, 'giang nguyen', 89, 540),
(88, 'giang nguyen', 90, 541),
(89, 'giang nguyen', 91, 542),
(90, 'giang nguyen', 92, 543),
(91, 'giang nguyen', 93, 544),
(92, 'giang nguyen', 94, 545),
(93, 'giang nguyen', 95, 546),
(94, 'giang nguyen', 96, 547),
(95, 'giang nguyen', 97, 548),
(96, 'giang nguyen', 98, 549),
(97, 'giang nguyen', 99, 550),
(98, 'giang nguyen', 100, 551),
(99, 'aaaaaaa', 101, 552);

-- --------------------------------------------------------

--
-- Cấu trúc bảng cho bảng `size`
--

CREATE TABLE `size` (
  `id` bigint(20) NOT NULL,
  `value` varchar(255) DEFAULT NULL,
  `article_id` bigint(20) DEFAULT NULL
) ENGINE=MyISAM DEFAULT CHARSET=latin1 COLLATE=latin1_swedish_ci;

--
-- Đang đổ dữ liệu cho bảng `size`
--

INSERT INTO `size` (`id`, `value`, `article_id`) VALUES
(2165, '42', 3),
(2166, '42', 4),
(2169, '41', 5),
(2173, '40', 6),
(2172, '43', 6),
(2190, '42', 11),
(2200, '45', 14),
(2180, '40', 7),
(2194, '41', 12),
(2183, '40', 8),
(2192, '39', 12),
(2189, '40', 11),
(2182, '38', 8),
(2184, '38', 9),
(2186, '40', 10),
(2187, '44', 11),
(2185, '38', 10),
(2188, '39', 11),
(2193, '38', 12),
(2191, '40', 12),
(2268, '43', 42),
(2270, '44', 43),
(2267, '40', 42),
(2196, '40', 14),
(2205, '44', 15),
(2202, '43', 15),
(2206, '38', 16),
(2208, '42', 17),
(2212, '43', 19),
(2207, '40', 17),
(2211, '45', 19),
(2209, '42', 18),
(2210, '38', 19),
(2218, '42', 20),
(2233, '42', 24),
(2225, '40', 22),
(2222, '40', 21),
(2224, '38', 22),
(2230, '43', 23),
(2232, '40', 24),
(2223, '43', 22),
(2234, '44', 24),
(2242, '44', 25),
(2249, '43', 27),
(2231, '41', 24),
(2250, '41', 27),
(2239, '40', 25),
(2248, '39', 27),
(2245, '42', 26),
(2254, '43', 28),
(2243, '44', 26),
(2244, '38', 26),
(2247, '44', 27),
(2246, '42', 27),
(2264, '45', 30),
(2263, '44', 30),
(2265, '39', 41),
(2256, '41', 29),
(2257, '38', 29),
(2261, '42', 30),
(2286, '42', 46),
(2260, '40', 30),
(2259, '43', 30),
(2281, '43', 45),
(2266, '43', 41),
(2155, '45', 31),
(2154, '42', 31),
(2153, '44', 31),
(2158, '43', 32),
(2156, '42', 32),
(2157, '38', 32),
(2161, '41', 33),
(2160, '40', 33),
(2159, '44', 33),
(2163, '40', 1),
(2162, '39', 1),
(113, '44', 34),
(114, '42', 34),
(115, '41', 34),
(116, '40', 34),
(117, '45', 34),
(118, '43', 34),
(119, '39', 34),
(120, '43', 35),
(121, '38', 35),
(122, '41', 35),
(123, '45', 35),
(124, '44', 35),
(125, '42', 35),
(126, '39', 35),
(127, '40', 35),
(128, '40', 36),
(129, '42', 37),
(130, '41', 37),
(131, '45', 37),
(132, '45', 38),
(133, '39', 38),
(134, '43', 38),
(135, '40', 38),
(136, '42', 38),
(137, '43', 39),
(138, '41', 39),
(139, '44', 40),
(140, '42', 40),
(141, '43', 40),
(142, '38', 40),
(143, '45', 40),
(144, '39', 40),
(145, '41', 40),
(146, '40', 40),
(2271, '41', 43),
(2275, '40', 44),
(2274, '45', 44),
(2273, '42', 44),
(2278, '38', 45),
(2279, '44', 45),
(2283, '41', 46),
(2284, '38', 46),
(2294, '43', 48),
(2289, '45', 47),
(2293, '44', 48),
(2290, '39', 48),
(2291, '38', 48),
(2298, '44', 50),
(2297, '43', 50),
(2300, '41', 49),
(2302, '40', 456),
(2303, '42', 456),
(2301, '42', 49),
(2199, '44', 14),
(2197, '41', 14),
(184, '39', 51),
(185, '45', 51),
(186, '38', 51),
(187, '43', 51),
(188, '41', 51),
(189, '44', 51),
(190, '43', 52),
(191, '44', 52),
(192, '45', 52),
(193, '39', 53),
(194, '41', 53),
(195, '42', 53),
(196, '38', 53),
(197, '41', 54),
(198, '38', 54),
(199, '39', 54),
(200, '43', 54),
(201, '44', 54),
(202, '45', 54),
(203, '40', 54),
(204, '42', 54),
(205, '44', 55),
(206, '43', 55),
(207, '41', 55),
(208, '45', 55),
(209, '41', 56),
(210, '42', 57),
(211, '44', 57),
(212, '41', 57),
(213, '45', 58),
(214, '39', 58),
(215, '44', 58),
(216, '40', 58),
(217, '38', 58),
(218, '40', 59),
(219, '42', 59),
(220, '40', 60),
(221, '45', 60),
(222, '39', 60),
(223, '43', 60),
(224, '39', 61),
(225, '41', 61),
(226, '41', 62),
(227, '40', 63),
(228, '42', 63),
(229, '44', 63),
(230, '41', 63),
(231, '43', 63),
(232, '38', 63),
(233, '45', 63),
(234, '43', 64),
(235, '39', 64),
(236, '44', 64),
(237, '41', 64),
(238, '38', 64),
(239, '45', 64),
(240, '42', 64),
(241, '40', 64),
(242, '44', 65),
(243, '43', 65),
(244, '42', 65),
(245, '40', 65),
(246, '45', 65),
(247, '39', 65),
(248, '38', 66),
(249, '44', 67),
(250, '40', 67),
(251, '39', 67),
(252, '45', 67),
(253, '38', 67),
(254, '41', 67),
(255, '44', 68),
(256, '42', 68),
(257, '39', 68),
(258, '44', 69),
(259, '43', 69),
(260, '39', 69),
(261, '41', 69),
(262, '45', 69),
(263, '44', 70),
(264, '40', 71),
(265, '38', 71),
(266, '44', 71),
(267, '43', 71),
(268, '45', 71),
(269, '43', 72),
(270, '41', 72),
(271, '45', 72),
(272, '44', 72),
(273, '42', 72),
(274, '41', 73),
(275, '42', 73),
(276, '43', 73),
(277, '44', 74),
(278, '40', 74),
(279, '38', 74),
(280, '39', 74),
(281, '42', 74),
(282, '43', 74),
(283, '45', 75),
(284, '42', 75),
(285, '39', 75),
(286, '40', 75),
(287, '43', 75),
(288, '39', 76),
(289, '41', 76),
(290, '44', 77),
(291, '45', 77),
(292, '42', 77),
(293, '38', 77),
(294, '43', 77),
(295, '39', 77),
(296, '41', 77),
(297, '40', 77),
(298, '38', 78),
(299, '43', 78),
(300, '44', 78),
(301, '38', 79),
(302, '45', 79),
(303, '43', 79),
(304, '39', 79),
(305, '42', 79),
(306, '40', 79),
(307, '44', 80),
(308, '41', 80),
(309, '39', 80),
(310, '38', 80),
(311, '40', 80),
(312, '42', 80),
(313, '38', 81),
(314, '40', 81),
(315, '45', 81),
(316, '42', 81),
(317, '41', 81),
(318, '39', 81),
(319, '40', 82),
(320, '39', 82),
(321, '41', 83),
(322, '38', 83),
(323, '45', 83),
(324, '40', 83),
(325, '42', 83),
(326, '43', 83),
(327, '41', 84),
(328, '42', 84),
(329, '38', 84),
(330, '45', 84),
(331, '41', 85),
(332, '40', 85),
(333, '44', 85),
(334, '38', 85),
(335, '43', 85),
(336, '42', 85),
(337, '45', 85),
(338, '44', 86),
(339, '43', 86),
(340, '41', 86),
(341, '45', 86),
(342, '41', 87),
(343, '42', 87),
(344, '38', 87),
(345, '44', 87),
(346, '43', 88),
(347, '39', 88),
(348, '40', 88),
(349, '44', 88),
(350, '38', 88),
(351, '42', 88),
(352, '41', 88),
(353, '40', 89),
(354, '41', 89),
(355, '42', 89),
(356, '40', 90),
(357, '39', 90),
(358, '44', 90),
(359, '43', 90),
(360, '45', 90),
(361, '43', 91),
(362, '42', 91),
(363, '38', 92),
(364, '39', 92),
(365, '42', 92),
(366, '41', 93),
(367, '40', 93),
(368, '45', 94),
(369, '44', 94),
(370, '42', 95),
(371, '41', 96),
(372, '39', 96),
(373, '42', 96),
(374, '43', 96),
(375, '44', 97),
(376, '38', 97),
(377, '42', 97),
(378, '43', 97),
(379, '38', 98),
(380, '39', 98),
(381, '42', 98),
(382, '41', 98),
(383, '40', 98),
(384, '44', 98),
(385, '43', 98),
(386, '39', 99),
(387, '42', 99),
(388, '44', 99),
(389, '45', 99),
(390, '38', 99),
(391, '41', 99),
(392, '43', 99),
(393, '39', 100),
(394, '43', 100),
(395, '40', 100),
(396, '38', 100),
(397, '42', 100),
(398, '45', 100),
(399, '44', 100),
(400, '41', 100),
(401, '38', 101),
(402, '39', 101),
(403, '43', 101),
(404, '41', 101),
(405, '41', 102),
(406, '39', 102),
(407, '43', 103),
(408, '38', 103),
(409, '40', 103),
(410, '45', 103),
(411, '42', 103),
(412, '39', 103),
(413, '44', 103),
(414, '41', 103),
(415, '44', 104),
(416, '42', 104),
(417, '39', 105),
(418, '43', 106),
(419, '43', 107),
(420, '38', 107),
(421, '41', 107),
(422, '44', 107),
(423, '40', 107),
(424, '45', 107),
(425, '42', 107),
(426, '42', 108),
(427, '40', 108),
(428, '41', 108),
(429, '43', 108),
(430, '38', 109),
(431, '45', 109),
(432, '44', 109),
(433, '42', 110),
(434, '45', 110),
(435, '44', 110),
(436, '38', 110),
(437, '44', 111),
(438, '45', 111),
(439, '39', 111),
(440, '43', 111),
(441, '41', 111),
(442, '38', 111),
(443, '40', 111),
(444, '42', 111),
(445, '42', 112),
(446, '45', 112),
(447, '39', 113),
(448, '40', 113),
(449, '45', 113),
(450, '41', 113),
(451, '43', 113),
(452, '44', 113),
(453, '38', 113),
(454, '38', 114),
(455, '42', 114),
(456, '40', 114),
(457, '45', 114),
(458, '42', 115),
(459, '44', 115),
(460, '45', 115),
(461, '39', 115),
(462, '41', 115),
(463, '43', 115),
(464, '38', 115),
(465, '40', 116),
(466, '39', 116),
(467, '42', 116),
(468, '45', 116),
(469, '41', 116),
(470, '40', 117),
(471, '45', 117),
(472, '42', 118),
(473, '44', 118),
(474, '38', 118),
(475, '45', 118),
(476, '41', 118),
(477, '43', 118),
(478, '45', 119),
(479, '38', 119),
(480, '40', 119),
(481, '39', 120),
(482, '43', 120),
(483, '42', 120),
(484, '45', 120),
(485, '44', 120),
(486, '40', 120),
(487, '41', 120),
(488, '38', 120),
(489, '45', 121),
(490, '43', 121),
(491, '44', 122),
(492, '40', 122),
(493, '42', 122),
(494, '45', 122),
(495, '41', 122),
(496, '43', 122),
(497, '40', 123),
(498, '43', 123),
(499, '42', 123),
(500, '45', 123),
(501, '40', 124),
(502, '38', 124),
(503, '43', 124),
(504, '39', 124),
(505, '40', 125),
(506, '43', 125),
(507, '45', 125),
(508, '44', 125),
(509, '41', 125),
(510, '43', 126),
(511, '45', 126),
(512, '44', 126),
(513, '38', 126),
(514, '40', 126),
(515, '41', 126),
(516, '42', 126),
(517, '39', 126),
(518, '39', 127),
(519, '44', 127),
(520, '45', 127),
(521, '38', 127),
(522, '41', 128),
(523, '45', 128),
(524, '44', 128),
(525, '43', 128),
(526, '41', 129),
(527, '41', 130),
(528, '44', 130),
(529, '43', 130),
(530, '39', 131),
(531, '44', 131),
(532, '43', 131),
(533, '42', 131),
(534, '41', 131),
(535, '38', 131),
(536, '45', 131),
(537, '40', 131),
(538, '39', 132),
(539, '40', 132),
(540, '38', 132),
(541, '43', 132),
(542, '42', 132),
(543, '44', 132),
(544, '45', 132),
(545, '40', 133),
(546, '39', 133),
(547, '41', 133),
(548, '38', 133),
(549, '39', 134),
(550, '42', 134),
(551, '40', 134),
(552, '38', 135),
(553, '40', 135),
(554, '44', 135),
(555, '39', 135),
(556, '45', 135),
(557, '43', 135),
(558, '42', 135),
(559, '41', 135),
(560, '39', 136),
(561, '38', 136),
(562, '43', 136),
(563, '40', 136),
(564, '41', 137),
(565, '42', 137),
(566, '43', 137),
(567, '40', 137),
(568, '39', 137),
(569, '44', 137),
(570, '45', 137),
(571, '38', 137),
(572, '44', 138),
(573, '42', 138),
(574, '45', 138),
(575, '38', 138),
(576, '43', 138),
(577, '39', 138),
(578, '41', 138),
(579, '44', 139),
(580, '38', 139),
(581, '45', 139),
(582, '41', 139),
(583, '43', 139),
(584, '40', 139),
(585, '42', 139),
(586, '45', 140),
(587, '43', 140),
(588, '39', 140),
(589, '42', 140),
(590, '38', 140),
(591, '44', 140),
(592, '44', 141),
(593, '42', 141),
(594, '43', 141),
(595, '41', 141),
(596, '39', 142),
(597, '44', 142),
(598, '41', 142),
(599, '45', 142),
(600, '40', 142),
(601, '38', 142),
(602, '42', 142),
(603, '42', 143),
(604, '39', 143),
(605, '45', 143),
(606, '42', 144),
(607, '41', 144),
(608, '39', 144),
(609, '43', 144),
(610, '38', 144),
(611, '43', 145),
(612, '39', 145),
(613, '44', 145),
(614, '40', 145),
(615, '45', 145),
(616, '42', 145),
(617, '39', 146),
(618, '45', 146),
(619, '44', 146),
(620, '38', 146),
(621, '43', 146),
(622, '40', 146),
(623, '41', 147),
(624, '42', 147),
(625, '44', 148),
(626, '38', 148),
(627, '44', 149),
(628, '38', 149),
(629, '39', 149),
(630, '42', 149),
(631, '40', 149),
(632, '45', 149),
(633, '41', 149),
(634, '38', 150),
(635, '41', 150),
(636, '39', 150),
(637, '45', 151),
(638, '43', 151),
(639, '41', 151),
(640, '40', 152),
(641, '45', 152),
(642, '44', 152),
(643, '43', 152),
(644, '41', 153),
(645, '43', 153),
(646, '45', 153),
(647, '44', 153),
(648, '39', 153),
(649, '40', 153),
(650, '38', 153),
(651, '44', 154),
(652, '40', 154),
(653, '41', 154),
(654, '42', 154),
(655, '40', 155),
(656, '44', 155),
(657, '38', 155),
(658, '43', 155),
(659, '41', 155),
(660, '42', 156),
(661, '40', 156),
(662, '45', 156),
(663, '41', 157),
(664, '39', 157),
(665, '45', 157),
(666, '40', 157),
(667, '42', 157),
(668, '38', 157),
(669, '44', 157),
(670, '44', 158),
(671, '38', 159),
(672, '45', 159),
(673, '40', 159),
(674, '39', 159),
(675, '42', 159),
(676, '44', 159),
(677, '43', 160),
(678, '44', 160),
(679, '45', 160),
(680, '38', 160),
(681, '39', 160),
(682, '40', 161),
(683, '43', 161),
(684, '39', 161),
(685, '45', 161),
(686, '41', 161),
(687, '42', 161),
(688, '44', 161),
(689, '40', 162),
(690, '43', 162),
(691, '42', 162),
(692, '41', 162),
(693, '39', 162),
(694, '45', 162),
(695, '38', 162),
(696, '42', 163),
(697, '38', 163),
(698, '41', 163),
(699, '44', 164),
(700, '38', 164),
(701, '41', 164),
(702, '40', 164),
(703, '45', 164),
(704, '43', 164),
(705, '39', 164),
(706, '42', 164),
(707, '38', 165),
(708, '42', 166),
(709, '45', 166),
(710, '44', 166),
(711, '40', 166),
(712, '41', 166),
(713, '45', 167),
(714, '43', 168),
(715, '42', 168),
(716, '40', 168),
(717, '45', 168),
(718, '38', 168),
(719, '39', 168),
(720, '44', 168),
(721, '39', 169),
(722, '43', 169),
(723, '41', 169),
(724, '44', 169),
(725, '43', 170),
(726, '42', 170),
(727, '39', 170),
(728, '41', 170),
(729, '40', 170),
(730, '44', 170),
(731, '45', 170),
(732, '38', 170),
(733, '45', 171),
(734, '40', 171),
(735, '39', 171),
(736, '43', 171),
(737, '41', 171),
(738, '42', 171),
(739, '38', 171),
(740, '39', 172),
(741, '43', 172),
(742, '44', 172),
(743, '41', 172),
(744, '45', 172),
(745, '40', 172),
(746, '40', 173),
(747, '38', 173),
(748, '43', 173),
(749, '41', 173),
(750, '39', 173),
(751, '45', 173),
(752, '42', 173),
(753, '42', 174),
(754, '44', 174),
(755, '38', 174),
(756, '41', 174),
(757, '43', 174),
(758, '38', 175),
(759, '40', 175),
(760, '41', 175),
(761, '43', 175),
(762, '39', 175),
(763, '42', 175),
(764, '39', 176),
(765, '44', 176),
(766, '40', 176),
(767, '45', 176),
(768, '38', 176),
(769, '43', 176),
(770, '41', 176),
(771, '45', 177),
(772, '40', 177),
(773, '44', 177),
(774, '45', 178),
(775, '38', 178),
(776, '39', 178),
(777, '41', 178),
(778, '40', 178),
(779, '44', 178),
(780, '43', 179),
(781, '39', 179),
(782, '42', 179),
(783, '38', 180),
(784, '39', 180),
(785, '42', 180),
(786, '40', 180),
(787, '43', 180),
(788, '45', 180),
(789, '41', 181),
(790, '38', 181),
(791, '45', 181),
(792, '42', 181),
(793, '45', 182),
(794, '38', 182),
(795, '39', 182),
(796, '44', 182),
(797, '43', 182),
(798, '41', 182),
(799, '40', 182),
(800, '42', 183),
(801, '40', 183),
(802, '38', 183),
(803, '41', 183),
(804, '39', 183),
(805, '44', 183),
(806, '43', 183),
(807, '45', 183),
(808, '45', 184),
(809, '43', 185),
(810, '41', 185),
(811, '39', 185),
(812, '38', 185),
(813, '40', 185),
(814, '44', 185),
(815, '45', 185),
(816, '42', 185),
(817, '40', 186),
(818, '42', 186),
(819, '43', 186),
(820, '39', 186),
(821, '44', 186),
(822, '38', 186),
(823, '41', 186),
(824, '45', 186),
(825, '43', 187),
(826, '39', 187),
(827, '42', 187),
(828, '44', 188),
(829, '38', 189),
(830, '39', 190),
(831, '44', 190),
(832, '42', 190),
(833, '41', 190),
(834, '43', 190),
(835, '41', 191),
(836, '40', 191),
(837, '38', 191),
(838, '42', 191),
(839, '42', 192),
(840, '38', 192),
(841, '44', 192),
(842, '39', 192),
(843, '41', 192),
(844, '40', 192),
(845, '43', 192),
(846, '43', 193),
(847, '41', 193),
(848, '38', 193),
(849, '45', 193),
(850, '44', 193),
(851, '39', 193),
(852, '40', 193),
(853, '45', 194),
(854, '43', 194),
(855, '42', 194),
(856, '38', 194),
(857, '44', 194),
(858, '41', 194),
(859, '40', 194),
(860, '40', 195),
(861, '41', 195),
(862, '42', 195),
(863, '44', 195),
(864, '38', 195),
(865, '45', 195),
(866, '43', 195),
(867, '39', 195),
(868, '38', 196),
(869, '42', 196),
(870, '40', 196),
(871, '45', 196),
(872, '44', 196),
(873, '43', 196),
(874, '41', 196),
(875, '39', 197),
(876, '42', 197),
(877, '45', 197),
(878, '41', 197),
(879, '40', 197),
(880, '42', 198),
(881, '40', 198),
(882, '44', 198),
(883, '43', 199),
(884, '42', 199),
(885, '39', 199),
(886, '40', 199),
(887, '45', 199),
(888, '41', 200),
(889, '38', 200),
(890, '40', 200),
(891, '39', 200),
(892, '43', 200),
(893, '42', 200),
(894, '44', 200),
(895, '42', 201),
(896, '41', 201),
(897, '39', 201),
(898, '44', 201),
(899, '45', 201),
(900, '43', 201),
(901, '38', 201),
(902, '40', 201),
(903, '45', 202),
(904, '45', 203),
(905, '38', 203),
(906, '40', 203),
(907, '40', 204),
(908, '41', 204),
(909, '42', 205),
(910, '39', 205),
(911, '41', 205),
(912, '44', 205),
(913, '39', 206),
(914, '44', 206),
(915, '42', 206),
(916, '41', 206),
(917, '38', 207),
(918, '41', 207),
(919, '38', 208),
(920, '39', 208),
(921, '41', 208),
(922, '43', 208),
(923, '42', 208),
(924, '40', 208),
(925, '43', 209),
(926, '38', 209),
(927, '42', 209),
(928, '39', 210),
(929, '42', 211),
(930, '40', 211),
(931, '39', 211),
(932, '41', 211),
(933, '38', 212),
(934, '44', 212),
(935, '43', 212),
(936, '45', 212),
(937, '39', 212),
(938, '42', 213),
(939, '38', 213),
(940, '44', 213),
(941, '39', 213),
(942, '40', 213),
(943, '42', 214),
(944, '43', 214),
(945, '39', 214),
(946, '40', 214),
(947, '45', 214),
(948, '41', 214),
(949, '38', 214),
(950, '44', 214),
(951, '39', 215),
(952, '41', 215),
(953, '38', 215),
(954, '42', 215),
(955, '41', 216),
(956, '43', 216),
(957, '39', 216),
(958, '44', 216),
(959, '42', 216),
(960, '38', 216),
(961, '39', 217),
(962, '40', 217),
(963, '43', 217),
(964, '42', 218),
(965, '40', 218),
(966, '40', 219),
(967, '39', 219),
(968, '39', 220),
(969, '45', 220),
(970, '42', 220),
(971, '40', 220),
(972, '43', 220),
(973, '38', 220),
(974, '38', 221),
(975, '42', 221),
(976, '44', 222),
(977, '41', 222),
(978, '40', 222),
(979, '42', 222),
(980, '43', 222),
(981, '38', 222),
(982, '39', 222),
(983, '45', 222),
(984, '42', 223),
(985, '42', 224),
(986, '39', 224),
(987, '38', 224),
(988, '45', 224),
(989, '40', 224),
(990, '43', 224),
(991, '41', 224),
(992, '44', 224),
(993, '41', 225),
(994, '42', 225),
(995, '43', 225),
(996, '40', 225),
(997, '44', 225),
(998, '39', 226),
(999, '40', 226),
(1000, '45', 226),
(1001, '43', 226),
(1002, '44', 226),
(1003, '42', 226),
(1004, '38', 226),
(1005, '41', 226),
(1006, '44', 227),
(1007, '43', 227),
(1008, '38', 227),
(1009, '40', 227),
(1010, '45', 227),
(1011, '41', 227),
(1012, '39', 227),
(1013, '41', 228),
(1014, '45', 228),
(1015, '39', 228),
(1016, '43', 228),
(1017, '44', 228),
(1018, '40', 228),
(1019, '38', 228),
(1020, '42', 228),
(1021, '39', 229),
(1022, '41', 229),
(1023, '40', 229),
(1024, '43', 229),
(1025, '38', 230),
(1026, '42', 230),
(1027, '40', 230),
(1028, '45', 230),
(1029, '44', 230),
(1030, '38', 231),
(1031, '42', 232),
(1032, '44', 232),
(1033, '39', 232),
(1034, '38', 233),
(1035, '41', 233),
(1036, '39', 233),
(1037, '45', 233),
(1038, '44', 233),
(1039, '43', 233),
(1040, '42', 233),
(1041, '40', 233),
(1042, '44', 234),
(1043, '40', 234),
(1044, '45', 234),
(1045, '41', 234),
(1046, '41', 235),
(1047, '43', 235),
(1048, '44', 235),
(1049, '39', 235),
(1050, '40', 235),
(1051, '42', 236),
(1052, '38', 236),
(1053, '43', 236),
(1054, '39', 236),
(1055, '44', 236),
(1056, '40', 236),
(1057, '41', 236),
(1058, '44', 237),
(1059, '40', 237),
(1060, '40', 238),
(1061, '44', 238),
(1062, '39', 238),
(1063, '41', 238),
(1064, '43', 238),
(1065, '42', 238),
(1066, '41', 239),
(1067, '45', 240),
(1068, '40', 240),
(1069, '43', 240),
(1070, '41', 240),
(1071, '44', 240),
(1072, '39', 240),
(1073, '42', 240),
(1074, '38', 240),
(1075, '40', 241),
(1076, '41', 241),
(1077, '38', 241),
(1078, '42', 241),
(1079, '39', 241),
(1080, '44', 241),
(1081, '43', 241),
(1082, '45', 241),
(1083, '44', 242),
(1084, '42', 242),
(1085, '39', 242),
(1086, '43', 242),
(1087, '40', 242),
(1088, '38', 243),
(1089, '41', 244),
(1090, '40', 244),
(1091, '39', 244),
(1092, '44', 244),
(1093, '43', 244),
(1094, '44', 245),
(1095, '39', 246),
(1096, '40', 246),
(1097, '44', 246),
(1098, '41', 246),
(1099, '38', 246),
(1100, '45', 247),
(1101, '44', 247),
(1102, '38', 247),
(1103, '45', 248),
(1104, '38', 248),
(1105, '39', 248),
(1106, '38', 249),
(1107, '41', 249),
(1108, '42', 249),
(1109, '43', 250),
(1110, '42', 250),
(1111, '41', 251),
(1112, '44', 252),
(1113, '42', 252),
(1114, '45', 252),
(1115, '38', 252),
(1116, '39', 252),
(1117, '41', 252),
(1118, '40', 252),
(1119, '41', 253),
(1120, '40', 253),
(1121, '45', 253),
(1122, '39', 253),
(1123, '42', 253),
(1124, '38', 254),
(1125, '41', 255),
(1126, '43', 255),
(1127, '42', 255),
(1128, '45', 255),
(1129, '44', 255),
(1130, '43', 256),
(1131, '45', 256),
(1132, '42', 256),
(1133, '44', 256),
(1134, '40', 256),
(1135, '45', 257),
(1136, '41', 257),
(1137, '44', 257),
(1138, '38', 258),
(1139, '40', 258),
(1140, '39', 258),
(1141, '43', 258),
(1142, '44', 258),
(1143, '42', 259),
(1144, '44', 259),
(1145, '45', 259),
(1146, '41', 259),
(1147, '39', 259),
(1148, '39', 260),
(1149, '42', 260),
(1150, '45', 260),
(1151, '41', 260),
(1152, '38', 260),
(1153, '43', 260),
(1154, '40', 260),
(1155, '41', 261),
(1156, '38', 261),
(1157, '42', 261),
(1158, '39', 261),
(1159, '45', 261),
(1160, '45', 262),
(1161, '42', 263),
(1162, '38', 263),
(1163, '41', 264),
(1164, '39', 264),
(1165, '42', 264),
(1166, '44', 264),
(1167, '45', 264),
(1168, '42', 265),
(1169, '45', 265),
(1170, '44', 265),
(1171, '41', 265),
(1172, '38', 265),
(1173, '43', 265),
(1174, '40', 265),
(1175, '39', 265),
(1176, '45', 266),
(1177, '39', 266),
(1178, '40', 266),
(1179, '44', 266),
(1180, '42', 266),
(1181, '43', 266),
(1182, '41', 266),
(1183, '38', 266),
(1184, '41', 267),
(1185, '44', 267),
(1186, '42', 267),
(1187, '38', 267),
(1188, '40', 267),
(1189, '39', 267),
(1190, '43', 267),
(1191, '40', 268),
(1192, '39', 268),
(1193, '44', 268),
(1194, '41', 268),
(1195, '42', 268),
(1196, '38', 268),
(1197, '45', 268),
(1198, '40', 269),
(1199, '41', 269),
(1200, '42', 270),
(1201, '38', 270),
(1202, '39', 271),
(1203, '43', 271),
(1204, '41', 271),
(1205, '40', 271),
(1206, '44', 271),
(1207, '42', 271),
(1208, '45', 271),
(1209, '38', 271),
(1210, '38', 272),
(1211, '39', 272),
(1212, '45', 272),
(1213, '41', 273),
(1214, '42', 273),
(1215, '39', 273),
(1216, '43', 273),
(1217, '44', 273),
(1218, '39', 274),
(1219, '45', 274),
(1220, '44', 274),
(1221, '38', 274),
(1222, '41', 274),
(1223, '43', 274),
(1224, '44', 275),
(1225, '42', 275),
(1226, '38', 275),
(1227, '39', 275),
(1228, '43', 275),
(1229, '40', 275),
(1230, '41', 275),
(1231, '45', 275),
(1232, '39', 276),
(1233, '40', 276),
(1234, '45', 276),
(1235, '41', 276),
(1236, '42', 276),
(1237, '44', 277),
(1238, '38', 277),
(1239, '41', 277),
(1240, '42', 277),
(1241, '40', 278),
(1242, '41', 278),
(1243, '39', 278),
(1244, '38', 278),
(1245, '43', 278),
(1246, '42', 278),
(1247, '45', 278),
(1248, '44', 278),
(1249, '39', 279),
(1250, '45', 279),
(1251, '41', 279),
(1252, '40', 279),
(1253, '40', 280),
(1254, '41', 280),
(1255, '44', 280),
(1256, '45', 280),
(1257, '42', 280),
(1258, '43', 280),
(1259, '39', 280),
(1260, '38', 280),
(1261, '42', 281),
(1262, '45', 281),
(1263, '43', 281),
(1264, '40', 281),
(1265, '38', 281),
(1266, '39', 281),
(1267, '41', 281),
(1268, '38', 282),
(1269, '41', 282),
(1270, '38', 283),
(1271, '42', 283),
(1272, '43', 283),
(1273, '40', 283),
(1274, '41', 283),
(1275, '39', 284),
(1276, '44', 284),
(1277, '40', 284),
(1278, '45', 284),
(1279, '42', 285),
(1280, '44', 285),
(1281, '41', 285),
(1282, '43', 286),
(1283, '41', 286),
(1284, '39', 286),
(1285, '38', 286),
(1286, '40', 286),
(1287, '44', 286),
(1288, '41', 287),
(1289, '43', 287),
(1290, '45', 287),
(1291, '39', 287),
(1292, '44', 287),
(1293, '42', 288),
(1294, '39', 288),
(1295, '43', 288),
(1296, '45', 288),
(1297, '40', 288),
(1298, '38', 289),
(1299, '38', 290),
(1300, '44', 290),
(1301, '40', 290),
(1302, '41', 290),
(1303, '39', 290),
(1304, '38', 291),
(1305, '43', 291),
(1306, '41', 291),
(1307, '45', 291),
(1308, '42', 291),
(1309, '38', 292),
(1310, '41', 292),
(1311, '40', 292),
(1312, '43', 292),
(1313, '38', 293),
(1314, '41', 293),
(1315, '42', 293),
(1316, '43', 293),
(1317, '45', 293),
(1318, '44', 293),
(1319, '40', 293),
(1320, '45', 294),
(1321, '41', 294),
(1322, '44', 294),
(1323, '38', 294),
(1324, '39', 294),
(1325, '39', 295),
(1326, '43', 295),
(1327, '44', 295),
(1328, '45', 295),
(1329, '41', 295),
(1330, '40', 295),
(1331, '42', 296),
(1332, '43', 297),
(1333, '41', 297),
(1334, '44', 297),
(1335, '40', 297),
(1336, '39', 298),
(1337, '38', 299),
(1338, '45', 299),
(1339, '41', 299),
(1340, '41', 300),
(1341, '42', 300),
(1342, '45', 300),
(1343, '40', 300),
(1344, '41', 301),
(1345, '40', 301),
(1346, '44', 301),
(1347, '43', 301),
(1348, '39', 301),
(1349, '42', 301),
(1350, '38', 301),
(1351, '45', 301),
(1352, '44', 302),
(1353, '43', 302),
(1354, '39', 302),
(1355, '42', 302),
(1356, '40', 302),
(1357, '41', 302),
(1358, '38', 302),
(1359, '45', 302),
(1360, '43', 303),
(1361, '39', 303),
(1362, '45', 303),
(1363, '38', 303),
(1364, '42', 303),
(1365, '41', 303),
(1366, '42', 304),
(1367, '38', 304),
(1368, '45', 304),
(1369, '43', 305),
(1370, '38', 305),
(1371, '42', 305),
(1372, '45', 305),
(1373, '44', 305),
(1374, '39', 305),
(1375, '40', 305),
(1376, '41', 305),
(1377, '39', 306),
(1378, '45', 306),
(1379, '42', 306),
(1380, '44', 306),
(1381, '43', 306),
(1382, '45', 307),
(1383, '42', 307),
(1384, '43', 307),
(1385, '41', 307),
(1386, '45', 308),
(1387, '44', 308),
(1388, '40', 308),
(1389, '39', 308),
(1390, '41', 308),
(1391, '38', 308),
(1392, '42', 308),
(1393, '40', 309),
(1394, '39', 309),
(1395, '45', 309),
(1396, '42', 309),
(1397, '43', 309),
(1398, '45', 310),
(1399, '42', 311),
(1400, '38', 311),
(1401, '45', 311),
(1402, '39', 311),
(1403, '41', 311),
(1404, '43', 311),
(1405, '38', 312),
(1406, '43', 312),
(1407, '41', 312),
(1408, '45', 312),
(1409, '45', 313),
(1410, '38', 314),
(1411, '45', 314),
(1412, '39', 314),
(1413, '38', 315),
(1414, '43', 315),
(1415, '44', 315),
(1416, '39', 315),
(1417, '38', 316),
(1418, '40', 316),
(1419, '44', 316),
(1420, '41', 316),
(1421, '43', 316),
(1422, '39', 316),
(1423, '45', 316),
(1424, '38', 317),
(1425, '40', 317),
(1426, '44', 317),
(1427, '43', 317),
(1428, '45', 317),
(1429, '42', 317),
(1430, '39', 317),
(1431, '43', 318),
(1432, '41', 319),
(1433, '43', 319),
(1434, '44', 319),
(1435, '40', 319),
(1436, '42', 319),
(1437, '39', 319),
(1438, '45', 319),
(1439, '38', 319),
(1440, '45', 320),
(1441, '43', 320),
(1442, '38', 320),
(1443, '39', 320),
(1444, '42', 320),
(1445, '40', 320),
(1446, '44', 320),
(1447, '41', 320),
(1448, '41', 321),
(1449, '45', 321),
(1450, '42', 321),
(1451, '40', 321),
(1452, '39', 321),
(1453, '38', 321),
(1454, '43', 321),
(1455, '44', 321),
(1456, '45', 322),
(1457, '38', 322),
(1458, '43', 322),
(1459, '40', 322),
(1460, '42', 322),
(1461, '44', 322),
(1462, '41', 322),
(1463, '38', 323),
(1464, '42', 323),
(1465, '39', 323),
(1466, '40', 323),
(1467, '44', 323),
(1468, '41', 323),
(1469, '42', 324),
(1470, '43', 324),
(1471, '44', 324),
(1472, '41', 324),
(1473, '45', 324),
(1474, '38', 324),
(1475, '39', 324),
(1476, '40', 324),
(1477, '41', 325),
(1478, '38', 325),
(1479, '43', 326),
(1480, '39', 327),
(1481, '41', 327),
(1482, '40', 327),
(1483, '42', 327),
(1484, '41', 328),
(1485, '43', 328),
(1486, '45', 328),
(1487, '44', 328),
(1488, '38', 328),
(1489, '39', 328),
(1490, '44', 329),
(1491, '43', 329),
(1492, '41', 329),
(1493, '40', 329),
(1494, '39', 329),
(1495, '42', 329),
(1496, '38', 330),
(1497, '40', 330),
(1498, '41', 330),
(1499, '44', 330),
(1500, '43', 330),
(1501, '42', 331),
(1502, '45', 331),
(1503, '38', 331),
(1504, '40', 331),
(1505, '41', 331),
(1506, '44', 332),
(1507, '39', 332),
(1508, '40', 332),
(1509, '41', 332),
(1510, '43', 332),
(1511, '42', 332),
(1512, '45', 332),
(1513, '38', 332),
(1514, '38', 333),
(1515, '45', 334),
(1516, '41', 335),
(1517, '39', 335),
(1518, '42', 335),
(1519, '44', 335),
(1520, '45', 336),
(1521, '44', 336),
(1522, '40', 336),
(1523, '38', 336),
(1524, '43', 336),
(1525, '41', 336),
(1526, '41', 337),
(1527, '40', 337),
(1528, '38', 337),
(1529, '44', 337),
(1530, '45', 337),
(1531, '39', 337),
(1532, '42', 337),
(1533, '41', 338),
(1534, '45', 338),
(1535, '38', 338),
(1536, '43', 338),
(1537, '41', 339),
(1538, '43', 339),
(1539, '45', 339),
(1540, '42', 339),
(1541, '44', 339),
(1542, '39', 339),
(1543, '40', 339),
(1544, '44', 340),
(1545, '40', 340),
(1546, '38', 341),
(1547, '42', 341),
(1548, '40', 342),
(1549, '39', 342),
(1550, '38', 342),
(1551, '43', 342),
(1552, '41', 343),
(1553, '42', 343),
(1554, '43', 343),
(1555, '44', 344),
(1556, '42', 344),
(1557, '39', 344),
(1558, '45', 345),
(1559, '40', 345),
(1560, '44', 346),
(1561, '45', 346),
(1562, '41', 346),
(1563, '42', 346),
(1564, '40', 346),
(1565, '43', 346),
(1566, '38', 346),
(1567, '39', 347),
(1568, '40', 347),
(1569, '38', 347),
(1570, '42', 347),
(1571, '44', 347),
(1572, '43', 347),
(1573, '41', 347),
(1574, '45', 347),
(1575, '43', 348),
(1576, '42', 348),
(1577, '41', 348),
(1578, '40', 348),
(1579, '44', 348),
(1580, '38', 348),
(1581, '41', 349),
(1582, '39', 350),
(1583, '41', 350),
(1584, '43', 350),
(1585, '38', 350),
(1586, '42', 350),
(1587, '44', 350),
(1588, '43', 351),
(1589, '42', 351),
(1590, '41', 351),
(1591, '39', 352),
(1592, '45', 352),
(1593, '44', 352),
(1594, '45', 353),
(1595, '38', 353),
(1596, '39', 353),
(1597, '42', 353),
(1598, '44', 353),
(1599, '43', 353),
(1600, '40', 353),
(1601, '41', 354),
(1602, '41', 355),
(1603, '42', 355),
(1604, '44', 355),
(1605, '45', 355),
(1606, '43', 355),
(1607, '39', 356),
(1608, '44', 356),
(1609, '42', 356),
(1610, '38', 356),
(1611, '43', 356),
(1612, '40', 356),
(1613, '45', 356),
(1614, '41', 356),
(1615, '40', 357),
(1616, '42', 357),
(1617, '38', 357),
(1618, '45', 357),
(1619, '42', 358),
(1620, '45', 358),
(1621, '45', 359),
(1622, '40', 359),
(1623, '44', 359),
(1624, '42', 359),
(1625, '45', 360),
(1626, '43', 360),
(1627, '44', 360),
(1628, '39', 360),
(1629, '41', 360),
(1630, '42', 360),
(1631, '40', 360),
(1632, '38', 360),
(1633, '43', 361),
(1634, '41', 361),
(1635, '41', 362),
(1636, '40', 362),
(1637, '45', 362),
(1638, '43', 362),
(1639, '44', 362),
(1640, '38', 362),
(1641, '42', 362),
(1642, '39', 363),
(1643, '38', 363),
(1644, '44', 363),
(1645, '40', 363),
(1646, '42', 363),
(1647, '40', 364),
(1648, '38', 364),
(1649, '39', 364),
(1650, '41', 364),
(1651, '43', 365),
(1652, '45', 365),
(1653, '39', 365),
(1654, '41', 366),
(1655, '42', 366),
(1656, '40', 366),
(1657, '43', 366),
(1658, '45', 366),
(1659, '38', 366),
(1660, '39', 366),
(1661, '44', 366),
(1662, '39', 367),
(1663, '40', 367),
(1664, '42', 367),
(1665, '44', 367),
(1666, '45', 367),
(1667, '45', 368),
(1668, '40', 368),
(1669, '44', 368),
(1670, '41', 368),
(1671, '42', 368),
(1672, '38', 368),
(1673, '39', 368),
(1674, '43', 368),
(1675, '45', 369),
(1676, '44', 369),
(1677, '39', 369),
(1678, '40', 369),
(1679, '45', 370),
(1680, '38', 370),
(1681, '40', 370),
(1682, '39', 370),
(1683, '44', 370),
(1684, '41', 370),
(1685, '39', 371),
(1686, '38', 371),
(1687, '45', 371),
(1688, '40', 371),
(1689, '43', 371),
(1690, '42', 371),
(1691, '41', 371),
(1692, '38', 372),
(1693, '39', 372),
(1694, '40', 372),
(1695, '43', 372),
(1696, '42', 372),
(1697, '41', 372),
(1698, '44', 372),
(1699, '45', 372),
(1700, '43', 373),
(1701, '44', 373),
(1702, '42', 373),
(1703, '45', 373),
(1704, '41', 374),
(1705, '38', 374),
(1706, '39', 375),
(1707, '41', 375),
(1708, '43', 375),
(1709, '44', 375),
(1710, '42', 375),
(1711, '40', 375),
(1712, '45', 375),
(1713, '40', 376),
(1714, '38', 376),
(1715, '39', 376),
(1716, '41', 376),
(1717, '44', 376),
(1718, '42', 376),
(1719, '45', 376),
(1720, '43', 376),
(1721, '44', 377),
(1722, '45', 377),
(1723, '38', 377),
(1724, '41', 377),
(1725, '42', 377),
(1726, '40', 377),
(1727, '43', 377),
(1728, '38', 378),
(1729, '39', 378),
(1730, '41', 378),
(1731, '40', 379),
(1732, '39', 379),
(1733, '43', 379),
(1734, '41', 379),
(1735, '45', 379),
(1736, '44', 379),
(1737, '38', 379),
(1738, '42', 379),
(1739, '42', 380),
(1740, '44', 380),
(1741, '40', 380),
(1742, '41', 380),
(1743, '44', 381),
(1744, '41', 381),
(1745, '39', 382),
(1746, '42', 382),
(1747, '43', 382),
(1748, '40', 382),
(1749, '38', 382),
(1750, '39', 383),
(1751, '44', 384),
(1752, '38', 384),
(1753, '40', 384),
(1754, '41', 384),
(1755, '42', 384),
(1756, '43', 384),
(1757, '39', 385),
(1758, '40', 385),
(1759, '41', 386),
(1760, '43', 386),
(1761, '40', 386),
(1762, '38', 386),
(1763, '45', 386),
(1764, '44', 386),
(1765, '39', 386),
(1766, '40', 387),
(1767, '39', 387),
(1768, '45', 387),
(1769, '38', 387),
(1770, '44', 387),
(1771, '42', 387),
(1772, '43', 388),
(1773, '41', 388),
(1774, '41', 389),
(1775, '40', 389),
(1776, '39', 389),
(1777, '44', 389),
(1778, '45', 389),
(1779, '42', 389),
(1780, '42', 390),
(1781, '44', 390),
(1782, '45', 390),
(1783, '40', 390),
(1784, '41', 390),
(1785, '43', 390),
(1786, '38', 390),
(1787, '43', 391),
(1788, '38', 391),
(1789, '40', 391),
(1790, '42', 391),
(1791, '39', 391),
(1792, '41', 392),
(1793, '43', 393),
(1794, '44', 393),
(1795, '42', 394),
(1796, '44', 395),
(1797, '40', 395),
(1798, '43', 396),
(1799, '45', 396),
(1800, '43', 397),
(1801, '38', 397),
(1802, '39', 397),
(1803, '45', 397),
(1804, '44', 397),
(1805, '42', 397),
(1806, '40', 397),
(1807, '42', 398),
(1808, '39', 398),
(1809, '43', 398),
(1810, '41', 398),
(1811, '40', 398),
(1812, '38', 399),
(1813, '44', 399),
(1814, '42', 399),
(1815, '41', 399),
(1816, '39', 399),
(1817, '40', 399),
(1818, '43', 399),
(1819, '45', 399),
(1820, '42', 400),
(1821, '38', 401),
(1822, '45', 401),
(1823, '41', 401),
(1824, '39', 401),
(1825, '40', 402),
(1826, '41', 402),
(1827, '44', 402),
(1828, '43', 402),
(1829, '42', 402),
(1830, '38', 402),
(1831, '45', 402),
(1832, '44', 403),
(1833, '43', 403),
(1834, '38', 403),
(1835, '39', 403),
(1836, '40', 404),
(1837, '44', 404),
(1838, '38', 404),
(1839, '42', 404),
(1840, '39', 404),
(1841, '43', 405),
(1842, '40', 405),
(1843, '41', 405),
(1844, '38', 405),
(1845, '44', 405),
(1846, '42', 405),
(1847, '45', 405),
(1848, '39', 405),
(1849, '42', 406),
(1850, '44', 406),
(1851, '40', 406),
(1852, '43', 407),
(1853, '39', 407),
(1854, '42', 407),
(1855, '40', 407),
(1856, '44', 407),
(1857, '45', 407),
(1858, '41', 407),
(1859, '38', 407),
(1860, '45', 408),
(1861, '40', 408),
(1862, '43', 408),
(1863, '45', 409),
(1864, '40', 409),
(1865, '43', 409),
(1866, '41', 409),
(1867, '38', 409),
(1868, '44', 409),
(1869, '39', 409),
(1870, '38', 410),
(1871, '44', 410),
(1872, '42', 410),
(1873, '45', 410),
(1874, '43', 410),
(1875, '41', 410),
(1876, '39', 410),
(1877, '40', 410),
(1878, '43', 411),
(1879, '44', 411),
(1880, '41', 411),
(1881, '42', 412),
(1882, '45', 413),
(1883, '43', 414),
(1884, '45', 414),
(1885, '44', 414),
(1886, '38', 414),
(1887, '41', 414),
(1888, '39', 414),
(1889, '40', 414),
(1890, '42', 414),
(1891, '42', 415),
(1892, '42', 416),
(1893, '41', 416),
(1894, '39', 416),
(1895, '44', 416),
(1896, '38', 416),
(1897, '43', 416),
(1898, '40', 416),
(1899, '45', 416),
(1900, '42', 417),
(1901, '44', 417),
(1902, '43', 417),
(1903, '40', 417),
(1904, '45', 417),
(1905, '41', 417),
(1906, '44', 418),
(1907, '41', 418),
(1908, '39', 418),
(1909, '45', 419),
(1910, '40', 419),
(1911, '43', 419),
(1912, '39', 419),
(1913, '42', 419),
(1914, '41', 419),
(1915, '44', 419),
(1916, '45', 420),
(1917, '38', 420),
(1918, '40', 420),
(1919, '42', 420),
(1920, '41', 421),
(1921, '45', 421),
(1922, '42', 421),
(1923, '39', 422),
(1924, '44', 422),
(1925, '42', 422),
(1926, '45', 422),
(1927, '40', 422),
(1928, '43', 422),
(1929, '39', 423),
(1930, '38', 423),
(1931, '42', 423),
(1932, '45', 423),
(1933, '41', 423),
(1934, '44', 423),
(1935, '43', 423),
(1936, '40', 423),
(1937, '41', 424),
(1938, '40', 424),
(1939, '44', 424),
(1940, '38', 424),
(1941, '42', 424),
(2164, '41', 2),
(2168, '43', 5),
(2174, '39', 6),
(2201, '39', 14),
(2179, '44', 7),
(2181, '41', 7),
(2272, '45', 43),
(2280, '42', 45),
(2277, '41', 45),
(2285, '44', 46),
(2282, '45', 46),
(2292, '45', 48),
(2288, '41', 47),
(2299, '40', 50),
(2296, '39', 50),
(2198, '43', 14),
(2195, '39', 13),
(2214, '39', 19),
(2203, '38', 15),
(2204, '40', 15),
(2213, '42', 19),
(2227, '39', 22),
(2226, '45', 22),
(2221, '39', 20),
(2220, '44', 20),
(2219, '45', 20),
(2236, '39', 24),
(2235, '38', 24),
(2240, '39', 25),
(2241, '45', 25),
(2258, '43', 29),
(2262, '41', 30),
(2255, '45', 28),
(2276, '43', 44),
(2269, '45', 42),
(2167, '39', 4),
(2170, '42', 5),
(2171, '44', 5),
(2175, '41', 6),
(2176, '44', 6),
(2177, '38', 6),
(2178, '42', 6),
(2215, '40', 19),
(2216, '44', 19),
(2217, '41', 19),
(2228, '44', 22),
(2229, '41', 22),
(2237, '45', 24),
(2238, '43', 24),
(2251, '38', 27),
(2252, '45', 27),
(2253, '40', 27),
(2287, '39', 46),
(2295, '40', 48),
(2336, '', 484),
(2337, '', 485),
(2338, '38', 486),
(2339, '45', 486),
(2340, '40', 486),
(2341, '39', 487),
(2342, '41', 487);

-- --------------------------------------------------------

--
-- Cấu trúc bảng cho bảng `user`
--

CREATE TABLE `user` (
  `id` bigint(20) NOT NULL,
  `email` varchar(255) NOT NULL,
  `first_name` varchar(255) DEFAULT NULL,
  `last_name` varchar(255) DEFAULT NULL,
  `password` varchar(255) DEFAULT NULL,
  `username` varchar(255) NOT NULL,
  `address_id` bigint(20) DEFAULT NULL
) ENGINE=MyISAM DEFAULT CHARSET=latin1 COLLATE=latin1_swedish_ci;

--
-- Đang đổ dữ liệu cho bảng `user`
--

INSERT INTO `user` (`id`, `email`, `first_name`, `last_name`, `password`, `username`, `address_id`) VALUES
(31, 'truonggiangnguyen2901@gmail.com', NULL, NULL, '$2a$12$Og3nvAx.iQikHLGRRyRZueOhXOdsqkbHR9ouHJzGE4pmvGEbQRBDi', 'admin', NULL),
(29, 'nguyentruonggiang2901@gmail.com', NULL, NULL, '$2a$12$Hae/hpiWkInAILg0Nqxd2eRkW9SfPtyq2X/.HBpttfp9/1TzPMApW', 'giang2002', NULL),
(30, 'giang.nt.989@aptechlearning.edu.vn', NULL, NULL, '$2a$12$i67EhfS3Hs00vQMOX2/ys.jTpMIlKza.FWdk6WjM0k5Ndrute3nIG', 'truonggiang', NULL);

-- --------------------------------------------------------

--
-- Cấu trúc bảng cho bảng `user_order`
--

CREATE TABLE `user_order` (
  `id` bigint(20) NOT NULL,
  `order_date` datetime DEFAULT NULL,
  `order_status` varchar(255) DEFAULT NULL,
  `order_total` decimal(19,2) DEFAULT NULL,
  `shipping_date` datetime DEFAULT NULL,
  `payment_id` bigint(20) DEFAULT NULL,
  `shipping_id` bigint(20) DEFAULT NULL,
  `user_id` bigint(20) DEFAULT NULL
) ENGINE=MyISAM DEFAULT CHARSET=latin1 COLLATE=latin1_swedish_ci;

--
-- Đang đổ dữ liệu cho bảng `user_order`
--

INSERT INTO `user_order` (`id`, `order_date`, `order_status`, `order_total`, `shipping_date`, `payment_id`, `shipping_id`, `user_id`) VALUES
(398, '2022-01-18 00:00:00', 'In Progress', '14998.00', '2022-01-23 00:00:00', 1, 1, 3),
(400, '2023-03-01 00:00:00', 'In Progress', '7159.00', '2023-03-06 00:00:00', 2, 2, 4),
(402, '2023-03-21 00:00:00', 'In Progress', '7159.00', '2023-03-26 00:00:00', 3, 3, 5),
(403, '2023-03-21 00:00:00', 'In Progress', '10299.00', '2023-03-26 00:00:00', 4, 4, 5),
(428, '2023-03-24 00:00:00', 'In Progress', '7159.00', '2023-03-29 00:00:00', 5, 5, 17),
(431, '2023-03-24 00:00:00', 'In Progress', '7159.00', '2023-03-29 00:00:00', 6, 6, 18),
(432, '2023-03-24 00:00:00', 'In Progress', '10299.00', '2023-03-29 00:00:00', 7, 7, 18),
(433, '2023-03-24 00:00:00', 'In Progress', '9999.00', '2023-03-29 00:00:00', 8, 8, 18),
(434, '2023-03-24 00:00:00', 'In Progress', '6789.00', '2023-03-29 00:00:00', 9, 9, 18),
(435, '2023-03-24 00:00:00', 'In Progress', '2999.00', '2023-03-29 00:00:00', 10, 10, 18),
(436, '2023-03-24 00:00:00', 'In Progress', '7459.00', '2023-03-29 00:00:00', 11, 11, 18),
(437, '2023-03-24 00:00:00', 'In Progress', '4699.00', '2023-03-29 00:00:00', 12, 12, 18),
(438, '2023-03-24 00:00:00', 'In Progress', '4699.00', '2023-03-29 00:00:00', 13, 13, 18),
(439, '2023-03-24 00:00:00', 'In Progress', '6789.00', '2023-03-29 00:00:00', 14, 14, 18),
(440, '2023-03-24 00:00:00', 'In Progress', '4699.00', '2023-03-29 00:00:00', 15, 15, 18),
(462, '2023-03-25 00:00:00', 'In Progress', '2999.00', '2023-03-30 00:00:00', 16, 16, 28),
(463, '2023-03-25 00:00:00', 'In Progress', '3599.00', '2023-03-30 00:00:00', 17, 17, 28),
(464, '2023-03-25 00:00:00', 'In Progress', '5998.00', '2023-03-30 00:00:00', 18, 18, 28),
(465, '2023-03-25 00:00:00', 'In Progress', '5998.00', '2023-03-30 00:00:00', 19, 19, 28),
(466, '2023-03-25 00:00:00', 'In Progress', '11799.00', '2023-03-30 00:00:00', 20, 20, 28),
(467, '2023-03-25 00:00:00', 'In Progress', '4999.00', '2023-03-30 00:00:00', 21, 21, 28),
(468, '2023-03-25 00:00:00', 'In Progress', '10999.00', '2023-03-30 00:00:00', 22, 22, 28),
(469, '2023-03-25 00:00:00', 'In Progress', '10999.00', '2023-03-30 00:00:00', 23, 23, 28),
(470, '2023-03-25 00:00:00', 'In Progress', '13999.00', '2023-03-30 00:00:00', 24, 24, 28),
(471, '2023-03-25 00:00:00', 'In Progress', '6990.00', '2023-03-30 00:00:00', 25, 25, 28),
(476, '2023-03-28 00:00:00', 'In Progress', '10299.00', '2023-04-02 00:00:00', 26, 26, 30),
(477, '2023-03-28 00:00:00', 'In Progress', '12999.00', '2023-04-02 00:00:00', 27, 27, 30),
(478, '2023-03-28 00:00:00', 'In Progress', '5990.00', '2023-04-02 00:00:00', 28, 28, 30),
(479, '2023-03-28 00:00:00', 'In Progress', '10299.00', '2023-04-02 00:00:00', 29, 29, 30),
(480, '2023-03-28 00:00:00', 'In Progress', '10299.00', '2023-04-02 00:00:00', 30, 30, 30),
(481, '2023-03-28 00:00:00', 'In Progress', '11799.00', '2023-04-02 00:00:00', 31, 31, 30),
(482, '2023-03-28 00:00:00', 'In Progress', '9999.00', '2023-04-02 00:00:00', 32, 32, 30),
(483, '2023-03-28 00:00:00', 'In Progress', '11799.00', '2023-04-02 00:00:00', 33, 33, 30),
(484, '2023-03-28 00:00:00', 'In Progress', '10299.00', '2023-04-02 00:00:00', 34, 34, 30),
(485, '2023-03-28 00:00:00', 'In Progress', '9999.00', '2023-04-02 00:00:00', 35, 35, 30),
(486, '2023-03-28 00:00:00', 'In Progress', '10299.00', '2023-04-02 00:00:00', 36, 36, 30),
(487, '2023-03-28 00:00:00', 'In Progress', '10999.00', '2023-04-02 00:00:00', 37, 37, 30),
(488, '2023-03-28 00:00:00', 'In Progress', '11799.00', '2023-04-02 00:00:00', 38, 38, 30),
(489, '2023-03-28 00:00:00', 'In Progress', '12999.00', '2023-04-02 00:00:00', 39, 39, 30),
(490, '2023-03-28 00:00:00', 'In Progress', '17158.00', '2023-04-02 00:00:00', 40, 40, 30),
(491, '2023-03-28 00:00:00', 'In Progress', '18989.00', '2023-04-02 00:00:00', 41, 41, 30),
(492, '2023-03-28 00:00:00', 'In Progress', '22798.00', '2023-04-02 00:00:00', 42, 42, 30),
(494, '2023-03-29 00:00:00', 'In Progress', '16989.00', '2023-04-03 00:00:00', 43, 43, 30),
(495, '2023-03-29 00:00:00', 'In Progress', '20298.00', '2023-04-03 00:00:00', 44, 44, 30),
(496, '2023-03-29 00:00:00', 'In Progress', '22098.00', '2023-04-03 00:00:00', 45, 45, 29),
(497, '2023-03-29 00:00:00', 'In Progress', '20298.00', '2023-04-03 00:00:00', 46, 46, 30),
(498, '2023-03-29 00:00:00', 'In Progress', '22098.00', '2023-04-03 00:00:00', 47, 47, 30),
(499, '2023-03-29 00:00:00', 'In Progress', '18989.00', '2023-04-03 00:00:00', 48, 48, 30),
(500, '2023-03-29 00:00:00', 'In Progress', '21298.00', '2023-04-03 00:00:00', 49, 49, 30),
(501, '2023-03-29 00:00:00', 'In Progress', '18989.00', '2023-04-03 00:00:00', 50, 50, 30),
(502, '2023-03-29 00:00:00', 'In Progress', '20298.00', '2023-04-03 00:00:00', 51, 51, 30),
(503, '2023-03-29 00:00:00', 'In Progress', '22098.00', '2023-04-03 00:00:00', 52, 52, 30),
(504, '2023-03-29 00:00:00', 'In Progress', '11798.00', '2023-04-03 00:00:00', 53, 53, 30),
(505, '2023-03-29 00:00:00', 'In Progress', '22798.00', '2023-04-03 00:00:00', 54, 54, 30),
(508, '2023-03-29 00:00:00', 'In Progress', '20299.00', '2023-04-03 00:00:00', 55, 55, 29),
(509, '2023-03-29 00:00:00', 'In Progress', '16289.00', '2023-04-03 00:00:00', 56, 56, 29),
(510, '2023-03-29 00:00:00', 'In Progress', '13798.00', '2023-04-03 00:00:00', 57, 57, 29),
(511, '2023-03-29 00:00:00', 'In Progress', '23998.00', '2023-04-03 00:00:00', 58, 58, 29),
(512, '2023-03-29 00:00:00', 'In Progress', '20998.00', '2023-04-03 00:00:00', 59, 59, 29),
(513, '2023-03-29 00:00:00', 'In Progress', '12779.00', '2023-04-03 00:00:00', 60, 60, 29),
(514, '2023-03-29 00:00:00', 'In Progress', '8239.00', '2023-04-03 00:00:00', 61, 61, 29),
(515, '2023-03-29 00:00:00', 'In Progress', '8959.00', '2023-04-03 00:00:00', 62, 62, 29),
(516, '2023-03-29 00:00:00', 'In Progress', '19998.00', '2023-04-03 00:00:00', 63, 63, 29),
(517, '2023-03-29 00:00:00', 'In Progress', '3998.00', '2023-04-03 00:00:00', 64, 64, 29),
(518, '2023-03-29 00:00:00', 'In Progress', '16798.00', '2023-04-03 00:00:00', 65, 65, 29),
(519, '2023-03-29 00:00:00', 'In Progress', '17998.00', '2023-04-03 00:00:00', 66, 66, 29),
(520, '2023-03-29 00:00:00', 'In Progress', '21998.00', '2023-04-03 00:00:00', 67, 67, 29),
(521, '2023-03-29 00:00:00', 'In Progress', '11989.00', '2023-04-03 00:00:00', 68, 68, 29),
(522, '2023-03-29 00:00:00', 'In Progress', '15779.00', '2023-04-03 00:00:00', 69, 69, 29),
(523, '2023-03-29 00:00:00', 'In Progress', '23998.00', '2023-04-03 00:00:00', 70, 70, 29),
(524, '2023-03-29 00:00:00', 'In Progress', '20998.00', '2023-04-03 00:00:00', 71, 71, 29),
(525, '2023-03-29 00:00:00', 'In Progress', '12980.00', '2023-04-03 00:00:00', 72, 72, 29),
(526, '2023-03-29 00:00:00', 'In Progress', '22798.00', '2023-04-03 00:00:00', 73, 73, 29),
(527, '2023-03-29 00:00:00', 'In Progress', '18789.00', '2023-04-03 00:00:00', 74, 74, 29),
(528, '2023-03-29 00:00:00', 'In Progress', '19489.00', '2023-04-03 00:00:00', 75, 75, 29),
(529, '2023-03-29 00:00:00', 'In Progress', '23998.00', '2023-04-03 00:00:00', 76, 76, 29),
(530, '2023-03-29 00:00:00', 'In Progress', '16989.00', '2023-04-03 00:00:00', 77, 77, 29),
(531, '2023-03-29 00:00:00', 'In Progress', '23998.00', '2023-04-03 00:00:00', 78, 78, 29),
(532, '2023-03-29 00:00:00', 'In Progress', '23998.00', '2023-04-03 00:00:00', 79, 79, 29),
(533, '2023-03-29 00:00:00', 'In Progress', '23998.00', '2023-04-03 00:00:00', 80, 80, 29),
(534, '2023-03-29 00:00:00', 'In Progress', '23998.00', '2023-04-03 00:00:00', 81, 81, 29),
(535, '2023-03-29 00:00:00', 'In Progress', '23998.00', '2023-04-03 00:00:00', 82, 82, 29),
(536, '2023-03-29 00:00:00', 'In Progress', '23998.00', '2023-04-03 00:00:00', 83, 83, 29),
(537, '2023-03-29 00:00:00', 'In Progress', '21798.00', '2023-04-03 00:00:00', 84, 84, 29),
(538, '2023-04-04 00:00:00', 'In Progress', '10999.00', '2023-04-09 00:00:00', 85, 85, 29),
(539, '2023-04-07 00:00:00', 'In Progress', '1249.00', '2023-04-12 00:00:00', 86, 86, 29),
(540, '2023-04-07 00:00:00', 'In Progress', '4699.00', '2023-04-12 00:00:00', 87, 87, 29),
(541, '2023-04-08 00:00:00', 'In Progress', '5790.00', '2023-04-13 00:00:00', 88, 88, 29),
(542, '2023-04-08 00:00:00', 'In Progress', '13999.00', '2023-04-13 00:00:00', 89, 89, 29),
(543, '2023-04-08 00:00:00', 'In Progress', '5790.00', '2023-04-13 00:00:00', 90, 90, 29),
(544, '2023-04-08 00:00:00', 'In Progress', '10999.00', '2023-04-13 00:00:00', 91, 91, 29),
(545, '2023-04-08 00:00:00', 'In Progress', '10999.00', '2023-04-13 00:00:00', 92, 92, 29),
(546, '2023-04-08 00:00:00', 'In Progress', '11799.00', '2023-04-13 00:00:00', 93, 93, 29),
(547, '2023-04-08 00:00:00', 'In Progress', '12499.00', '2023-04-13 00:00:00', 94, 94, 29),
(548, '2023-04-08 00:00:00', 'In Progress', '4149.00', '2023-04-13 00:00:00', 95, 95, 29),
(549, '2023-04-08 00:00:00', 'In Progress', '5790.00', '2023-04-13 00:00:00', 96, 96, 29),
(550, '2023-04-11 00:00:00', 'In Progress', '10999.00', '2023-04-16 00:00:00', 97, 97, 29),
(551, '2023-05-16 00:00:00', 'In Progress', '14248.00', '2023-05-21 00:00:00', 98, 98, 29),
(552, '2023-05-16 00:00:00', 'In Progress', '10000.00', '2023-05-21 00:00:00', 99, 99, 29);

-- --------------------------------------------------------

--
-- Cấu trúc bảng cho bảng `user_role`
--

CREATE TABLE `user_role` (
  `user_role_id` bigint(20) NOT NULL,
  `role_id` bigint(20) DEFAULT NULL,
  `user_id` bigint(20) DEFAULT NULL
) ENGINE=MyISAM DEFAULT CHARSET=latin1 COLLATE=latin1_swedish_ci;

--
-- Đang đổ dữ liệu cho bảng `user_role`
--

INSERT INTO `user_role` (`user_role_id`, `role_id`, `user_id`) VALUES
(392, 1, 1),
(393, 2, 1),
(395, 1, 2),
(397, 1, 3),
(472, 1, 29),
(401, 1, 5),
(404, 1, 6),
(406, 1, 7),
(408, 1, 8),
(410, 1, 9),
(412, 1, 10),
(414, 1, 11),
(416, 1, 12),
(418, 1, 13),
(420, 1, 14),
(422, 1, 15),
(424, 1, 16),
(441, 1, 19),
(444, 1, 20),
(448, 1, 22),
(458, 1, 27),
(474, 1, 30),
(506, 2, 31);

--
-- Chỉ mục cho các bảng đã đổ
--

--
-- Chỉ mục cho bảng `address`
--
ALTER TABLE `address`
  ADD PRIMARY KEY (`id`);

--
-- Chỉ mục cho bảng `article`
--
ALTER TABLE `article`
  ADD PRIMARY KEY (`id`);

--
-- Chỉ mục cho bảng `brand`
--
ALTER TABLE `brand`
  ADD PRIMARY KEY (`id`),
  ADD KEY `FKriswouj487lavsl7otim4ky9v` (`article_id`);

--
-- Chỉ mục cho bảng `cart_item`
--
ALTER TABLE `cart_item`
  ADD PRIMARY KEY (`id`),
  ADD KEY `FK4mnqtf4139vf6gkwq025xc6sw` (`article_id`),
  ADD KEY `FKen9v41ihsnhcr0i7ivsd7i84c` (`order_id`),
  ADD KEY `FKjnaj4sjyqjkr4ivemf9gb25w` (`user_id`);

--
-- Chỉ mục cho bảng `category`
--
ALTER TABLE `category`
  ADD PRIMARY KEY (`id`),
  ADD KEY `FK6q8bge2ta5as4srmi31dmhd4q` (`article_id`);

--
-- Chỉ mục cho bảng `confirmation_token`
--
ALTER TABLE `confirmation_token`
  ADD PRIMARY KEY (`token_id`),
  ADD KEY `FKnnpcujbp8umb3hiqc9ecd9bre` (`id`);

--
-- Chỉ mục cho bảng `payment`
--
ALTER TABLE `payment`
  ADD PRIMARY KEY (`id`),
  ADD KEY `FKt7a73xusjdnnsuespcitb683h` (`order_id`);

--
-- Chỉ mục cho bảng `role`
--
ALTER TABLE `role`
  ADD PRIMARY KEY (`role_id`),
  ADD UNIQUE KEY `UK_8sewwnpamngi6b1dwaa88askk` (`name`);

--
-- Chỉ mục cho bảng `shipping`
--
ALTER TABLE `shipping`
  ADD PRIMARY KEY (`id`),
  ADD KEY `FKj6ayrlwisv2n1yalmjxjlu62p` (`address_id`),
  ADD KEY `FKlh4uncaukk0s3poj5pmv9cm9u` (`order_id`);

--
-- Chỉ mục cho bảng `size`
--
ALTER TABLE `size`
  ADD PRIMARY KEY (`id`),
  ADD KEY `FKkubp2whk688bnndqjfuf5t90` (`article_id`);

--
-- Chỉ mục cho bảng `user`
--
ALTER TABLE `user`
  ADD PRIMARY KEY (`id`),
  ADD KEY `FKddefmvbrws3hvl5t0hnnsv8ox` (`address_id`);

--
-- Chỉ mục cho bảng `user_order`
--
ALTER TABLE `user_order`
  ADD PRIMARY KEY (`id`),
  ADD KEY `FKqjg5jrh5qwnhl2f9lk7n77454` (`payment_id`),
  ADD KEY `FK1hx9xau7q5xwgxjtq63lr7eeg` (`shipping_id`),
  ADD KEY `FKj86u1x7csa8yd68ql2y1ibrou` (`user_id`);

--
-- Chỉ mục cho bảng `user_role`
--
ALTER TABLE `user_role`
  ADD PRIMARY KEY (`user_role_id`),
  ADD KEY `FKa68196081fvovjhkek5m97n3y` (`role_id`),
  ADD KEY `FK859n2jvi8ivhui0rl0esws6o` (`user_id`);

--
-- AUTO_INCREMENT cho các bảng đã đổ
--

--
-- AUTO_INCREMENT cho bảng `address`
--
ALTER TABLE `address`
  MODIFY `id` bigint(20) NOT NULL AUTO_INCREMENT, AUTO_INCREMENT=102;

--
-- AUTO_INCREMENT cho bảng `article`
--
ALTER TABLE `article`
  MODIFY `id` bigint(20) NOT NULL AUTO_INCREMENT, AUTO_INCREMENT=488;

--
-- AUTO_INCREMENT cho bảng `brand`
--
ALTER TABLE `brand`
  MODIFY `id` bigint(20) NOT NULL AUTO_INCREMENT, AUTO_INCREMENT=613;

--
-- AUTO_INCREMENT cho bảng `cart_item`
--
ALTER TABLE `cart_item`
  MODIFY `id` bigint(20) NOT NULL AUTO_INCREMENT, AUTO_INCREMENT=158;

--
-- AUTO_INCREMENT cho bảng `category`
--
ALTER TABLE `category`
  MODIFY `id` bigint(20) NOT NULL AUTO_INCREMENT, AUTO_INCREMENT=600;

--
-- AUTO_INCREMENT cho bảng `payment`
--
ALTER TABLE `payment`
  MODIFY `id` bigint(20) NOT NULL AUTO_INCREMENT, AUTO_INCREMENT=100;

--
-- AUTO_INCREMENT cho bảng `role`
--
ALTER TABLE `role`
  MODIFY `role_id` bigint(20) NOT NULL AUTO_INCREMENT, AUTO_INCREMENT=3;

--
-- AUTO_INCREMENT cho bảng `shipping`
--
ALTER TABLE `shipping`
  MODIFY `id` bigint(20) NOT NULL AUTO_INCREMENT, AUTO_INCREMENT=100;

--
-- AUTO_INCREMENT cho bảng `size`
--
ALTER TABLE `size`
  MODIFY `id` bigint(20) NOT NULL AUTO_INCREMENT, AUTO_INCREMENT=2343;

--
-- AUTO_INCREMENT cho bảng `user`
--
ALTER TABLE `user`
  MODIFY `id` bigint(20) NOT NULL AUTO_INCREMENT, AUTO_INCREMENT=32;
COMMIT;

/*!40101 SET CHARACTER_SET_CLIENT=@OLD_CHARACTER_SET_CLIENT */;
/*!40101 SET CHARACTER_SET_RESULTS=@OLD_CHARACTER_SET_RESULTS */;
/*!40101 SET COLLATION_CONNECTION=@OLD_COLLATION_CONNECTION */;
